Date,flow,average temperature (C),precipitation,ET [kg/m^2/8day]
1986-10-01,573.0,,,
1986-10-02,524.0,,,
1986-10-03,491.0,,,
1986-10-04,460.0,,,
1986-10-05,424.0,,,
1986-10-06,369.0,,,
1986-10-07,340.0,,,
1986-10-08,330.0,,,
1986-10-09,318.0,,,
1986-10-10,297.0,,,
1986-10-11,274.0,,,
1986-10-12,254.0,,,
1986-10-13,242.0,,,
1986-10-14,233.0,,,
1986-10-15,216.0,,,
1986-10-16,205.0,,,
1986-10-17,192.0,,,
1986-10-18,176.0,,,
1986-10-19,163.0,,,
1986-10-20,160.0,,,
1986-10-21,151.0,,,
1986-10-22,151.0,,,
1986-10-23,162.0,,,
1986-10-24,178.0,,,
1986-10-25,192.0,,,
1986-10-26,214.0,,,
1986-10-27,235.0,,,
1986-10-28,248.0,,,
1986-10-29,234.0,,,
1986-10-30,217.0,,,
1986-10-31,206.0,,,
1986-11-01,199.0,,,
1986-11-02,204.0,,,
1986-11-03,213.0,,,
1986-11-04,218.0,,,
1986-11-05,213.0,,,
1986-11-06,200.0,,,
1986-11-07,178.0,,,
1986-11-08,173.0,,,
1986-11-09,171.0,,,
1986-11-10,166.0,,,
1986-11-11,149.0,,,
1986-11-12,137.0,,,
1986-11-13,126.0,,,
1986-11-14,115.0,,,
1986-11-15,106.0,,,
1986-11-16,100.0,,,
1986-11-17,93.7,,,
1986-11-18,88.4,,,
1986-11-19,84.0,,,
1986-11-20,80.0,,,
1986-11-21,76.6,,,
1986-11-22,73.4,,,
1986-11-23,69.7,,,
1986-11-24,62.8,,,
1986-11-25,60.7,,,
1986-11-26,59.5,,,
1986-11-27,57.0,,,
1986-11-28,52.3,,,
1986-11-29,49.2,,,
1986-11-30,48.2,,,
1986-12-01,48.0,,,
1986-12-02,47.3,,,
1986-12-03,46.5,,,
1986-12-04,45.6,,,
1986-12-05,43.6,,,
1986-12-06,42.4,,,
1986-12-07,40.2,,,
1986-12-08,37.3,,,
1986-12-09,34.8,,,
1986-12-10,32.8,,,
1986-12-11,31.7,,,
1986-12-12,32.0,,,
1986-12-13,32.5,,,
1986-12-14,32.7,,,
1986-12-15,33.0,,,
1986-12-16,32.6,,,
1986-12-17,32.0,,,
1986-12-18,31.5,,,
1986-12-19,30.8,,,
1986-12-20,29.3,,,
1986-12-21,27.8,,,
1986-12-22,26.7,,,
1986-12-23,26.0,,,
1986-12-24,25.5,,,
1986-12-25,24.9,,,
1986-12-26,24.4,,,
1986-12-27,23.8,,,
1986-12-28,23.3,,,
1986-12-29,22.8,,,
1986-12-30,22.7,,,
1986-12-31,22.7,,,
1987-01-01,25.1,,,
1987-01-02,24.4,,,
1987-01-03,23.4,,,
1987-01-04,22.7,,,
1987-01-05,22.1,,,
1987-01-06,21.2,,,
1987-01-07,21.1,,,
1987-01-08,21.0,,,
1987-01-09,20.6,,,
1987-01-10,20.1,,,
1987-01-11,19.9,,,
1987-01-12,19.4,,,
1987-01-13,18.1,,,
1987-01-14,17.1,,,
1987-01-15,16.9,,,
1987-01-16,16.6,,,
1987-01-17,16.5,,,
1987-01-18,16.5,,,
1987-01-19,16.4,,,
1987-01-20,16.1,,,
1987-01-21,16.0,,,
1987-01-22,16.0,,,
1987-01-23,16.0,,,
1987-01-24,16.0,,,
1987-01-25,15.9,,,
1987-01-26,15.3,,,
1987-01-27,15.9,,,
1987-01-28,16.1,,,
1987-01-29,16.8,,,
1987-01-30,16.5,,,
1987-01-31,16.0,,,
1987-02-01,15.6,,,
1987-02-02,15.3,,,
1987-02-03,13.8,,,
1987-02-04,13.6,,,
1987-02-05,13.6,,,
1987-02-06,13.6,,,
1987-02-07,13.6,,,
1987-02-08,13.3,,,
1987-02-09,13.3,,,
1987-02-10,12.9,,,
1987-02-11,12.5,,,
1987-02-12,11.6,,,
1987-02-13,11.2,,,
1987-02-14,11.2,,,
1987-02-15,11.2,,,
1987-02-16,11.2,,,
1987-02-17,10.7,,,
1987-02-18,9.9,,,
1987-02-19,10.1,,,
1987-02-20,10.1,,,
1987-02-21,10.0,,,
1987-02-22,9.2,,,
1987-02-23,9.3,,,
1987-02-24,8.7,,,
1987-02-25,8.1,,,
1987-02-26,7.9,,,
1987-02-27,7.5,,,
1987-02-28,7.4,,,
1987-03-01,7.1,,,
1987-03-02,7.0,,,
1987-03-03,6.8,,,
1987-03-04,6.8,,,
1987-03-05,6.7,,,
1987-03-06,6.5,,,
1987-03-07,6.4,,,
1987-03-08,6.2,,,
1987-03-09,6.2,,,
1987-03-10,6.1,,,
1987-03-11,5.9,,,
1987-03-12,5.8,,,
1987-03-13,5.6,,,
1987-03-14,5.6,,,
1987-03-15,5.6,,,
1987-03-16,5.6,,,
1987-03-17,5.5,,,
1987-03-18,5.3,,,
1987-03-19,5.3,,,
1987-03-20,5.3,,,
1987-03-21,5.3,,,
1987-03-22,5.2,,,
1987-03-23,5.0,,,
1987-03-24,5.0,,,
1987-03-25,5.0,,,
1987-03-26,5.0,,,
1987-03-27,5.0,,,
1987-03-28,4.9,,,
1987-03-29,4.7,,,
1987-03-30,4.7,,,
1987-03-31,4.7,,,
1987-04-01,4.7,,,
1987-04-02,4.7,,,
1987-04-03,4.7,,,
1987-04-04,4.7,,,
1987-04-05,4.7,,,
1987-04-06,4.7,,,
1987-04-07,4.7,,,
1987-04-08,4.7,,,
1987-04-09,4.7,,,
1987-04-10,4.6,,,
1987-04-11,4.4,,,
1987-04-12,4.3,,,
1987-04-13,4.1,,,
1987-04-14,4.0,,,
1987-04-15,3.8,,,
1987-04-16,3.7,,,
1987-04-17,3.5,,,
1987-04-18,3.4,,,
1987-04-19,3.2,,,
1987-04-20,2.8,,,
1987-04-21,2.5,,,
1987-04-22,2.2,,,
1987-04-23,2.26875,,,
1987-04-24,2.3375,,,
1987-04-25,2.40625,,,
1987-04-26,2.475,,,
1987-04-27,2.54375,,,
1987-04-28,2.6125,,,
1987-04-29,2.68125,,,
1987-04-30,2.75,,,
1987-05-01,2.81875,,,
1987-05-02,2.8875,,,
1987-05-03,2.95625,,,
1987-05-04,3.025,,,
1987-05-05,3.09375,,,
1987-05-06,3.1625,,,
1987-05-07,3.23125,,,
1987-05-08,3.3,,,
1987-05-09,3.8,,,
1987-05-10,4.4,,,
1987-05-11,5.1,,,
1987-05-12,6.2,,,
1987-05-13,7.2,,,
1987-05-14,7.3,,,
1987-05-15,8.0,,,
1987-05-16,8.6,,,
1987-05-17,9.1,,,
1987-05-18,9.4,,,
1987-05-19,9.3,,,
1987-05-20,8.4,,,
1987-05-21,7.8,,,
1987-05-22,7.5,,,
1987-05-23,7.7,,,
1987-05-24,8.2,,,
1987-05-25,11.0,,,
1987-05-26,11.2,,,
1987-05-27,11.2,,,
1987-05-28,13.1,,,
1987-05-29,14.4,,,
1987-05-30,15.9,,,
1987-05-31,17.8,,,
1987-06-01,26.4,,,
1987-06-02,45.5,,,
1987-06-03,47.3,,,
1987-06-04,45.1,,,
1987-06-05,39.2,,,
1987-06-06,35.4,,,
1987-06-07,33.1,,,
1987-06-08,33.7,,,
1987-06-09,34.7,,,
1987-06-10,34.9,,,
1987-06-11,39.0,,,
1987-06-12,64.8,,,
1987-06-13,103.0,,,
1987-06-14,106.0,,,
1987-06-15,82.5,,,
1987-06-16,69.3,,,
1987-06-17,58.9,,,
1987-06-18,50.5,,,
1987-06-19,43.1,,,
1987-06-20,38.8,,,
1987-06-21,39.5,,,
1987-06-22,43.2,,,
1987-06-23,59.7,,,
1987-06-24,71.0,,,
1987-06-25,67.2,,,
1987-06-26,60.6,,,
1987-06-27,54.0,,,
1987-06-28,52.1,,,
1987-06-29,53.3,,,
1987-06-30,61.3,,,
1987-07-01,61.5,,,
1987-07-02,58.1,,,
1987-07-03,52.0,,,
1987-07-04,49.7,,,
1987-07-05,48.3,,,
1987-07-06,48.5,,,
1987-07-07,50.6,,,
1987-07-08,49.6,,,
1987-07-09,47.5,,,
1987-07-10,46.2,,,
1987-07-11,43.4,,,
1987-07-12,41.0,,,
1987-07-13,42.8,,,
1987-07-14,47.2,,,
1987-07-15,58.1,,,
1987-07-16,79.1,,,
1987-07-17,86.9,,,
1987-07-18,100.0,,,
1987-07-19,135.0,,,
1987-07-20,189.0,,,
1987-07-21,239.0,,,
1987-07-22,280.0,,,
1987-07-23,321.0,,,
1987-07-24,360.0,,,
1987-07-25,385.0,,,
1987-07-26,409.0,,,
1987-07-27,411.0,,,
1987-07-28,386.0,,,
1987-07-29,362.0,,,
1987-07-30,339.0,,,
1987-07-31,338.0,,,
1987-08-01,335.0,,,
1987-08-02,324.0,,,
1987-08-03,317.0,,,
1987-08-04,322.0,,,
1987-08-05,312.0,,,
1987-08-06,274.0,,,
1987-08-07,234.0,,,
1987-08-08,219.0,,,
1987-08-09,204.0,,,
1987-08-10,204.0,,,
1987-08-11,237.0,,,
1987-08-12,288.0,,,
1987-08-13,325.0,,,
1987-08-14,352.0,,,
1987-08-15,370.0,,,
1987-08-16,384.0,,,
1987-08-17,392.0,,,
1987-08-18,388.0,,,
1987-08-19,375.0,,,
1987-08-20,384.0,,,
1987-08-21,417.0,,,
1987-08-22,417.0,,,
1987-08-23,427.0,,,
1987-08-24,444.0,,,
1987-08-25,460.0,,,
1987-08-26,466.0,,,
1987-08-27,473.0,,,
1987-08-28,486.0,,,
1987-08-29,494.0,,,
1987-08-30,495.0,,,
1987-08-31,499.0,,,
1987-09-01,505.0,,,
1987-09-02,509.0,,,
1987-09-03,509.0,,,
1987-09-04,514.0,,,
1987-09-05,518.0,,,
1987-09-06,523.0,,,
1987-09-07,525.0,,,
1987-09-08,523.0,,,
1987-09-09,516.0,,,
1987-09-10,499.0,,,
1987-09-11,470.0,,,
1987-09-12,437.0,,,
1987-09-13,400.0,,,
1987-09-14,370.0,,,
1987-09-15,379.0,,,
1987-09-16,415.0,,,
1987-09-17,458.0,,,
1987-09-18,488.0,,,
1987-09-19,497.0,,,
1987-09-20,494.0,,,
1987-09-21,483.0,,,
1987-09-22,456.0,,,
1987-09-23,432.0,,,
1987-09-24,443.0,,,
1987-09-25,479.0,,,
1987-09-26,486.0,,,
1987-09-27,478.0,,,
1987-09-28,478.0,,,
1987-09-29,490.0,,,
1987-09-30,502.0,,,
1987-10-01,511.0,,,
1987-10-02,524.0,,,
1987-10-03,540.0,,,
1987-10-04,543.0,,,
1987-10-05,527.0,,,
1987-10-06,495.0,,,
1987-10-07,448.0,,,
1987-10-08,390.0,,,
1987-10-09,353.0,,,
1987-10-10,328.0,,,
1987-10-11,319.0,,,
1987-10-12,326.0,,,
1987-10-13,329.0,,,
1987-10-14,330.0,,,
1987-10-15,320.0,,,
1987-10-16,299.0,,,
1987-10-17,280.0,,,
1987-10-18,268.0,,,
1987-10-19,265.0,,,
1987-10-20,262.0,,,
1987-10-21,253.0,,,
1987-10-22,247.0,,,
1987-10-23,253.0,,,
1987-10-24,247.0,,,
1987-10-25,235.0,,,
1987-10-26,212.0,,,
1987-10-27,189.0,,,
1987-10-28,169.0,,,
1987-10-29,156.0,,,
1987-10-30,148.0,,,
1987-10-31,132.0,,,
1987-11-01,125.0,,,
1987-11-02,122.0,,,
1987-11-03,117.0,,,
1987-11-04,111.0,,,
1987-11-05,105.0,,,
1987-11-06,101.0,,,
1987-11-07,95.8,,,
1987-11-08,91.4,,,
1987-11-09,87.4,,,
1987-11-10,83.9,,,
1987-11-11,80.1,,,
1987-11-12,77.8,,,
1987-11-13,76.5,,,
1987-11-14,74.5,,,
1987-11-15,72.2,,,
1987-11-16,68.6,,,
1987-11-17,67.0,,,
1987-11-18,65.1,,,
1987-11-19,63.9,,,
1987-11-20,62.8,,,
1987-11-21,61.5,,,
1987-11-22,58.7,,,
1987-11-23,56.3,,,
1987-11-24,54.2,,,
1987-11-25,52.3,,,
1987-11-26,51.7,,,
1987-11-27,49.8,,,
1987-11-28,48.2,,,
1987-11-29,47.3,,,
1987-11-30,46.5,,,
1987-12-01,45.7,,,
1987-12-02,44.1,,,
1987-12-03,41.8,,,
1987-12-04,39.1,,,
1987-12-05,38.6,,,
1987-12-06,38.1,,,
1987-12-07,38.4,,,
1987-12-08,41.0,,,
1987-12-09,43.3,,,
1987-12-10,45.2,,,
1987-12-11,48.4,,,
1987-12-12,53.8,,,
1987-12-13,56.7,,,
1987-12-14,54.5,,,
1987-12-15,47.0,,,
1987-12-16,41.3,,,
1987-12-17,37.5,,,
1987-12-18,35.4,,,
1987-12-19,33.6,,,
1987-12-20,31.7,,,
1987-12-21,30.4,,,
1987-12-22,28.9,,,
1987-12-23,28.2,,,
1987-12-24,27.6,,,
1987-12-25,26.6,,,
1987-12-26,25.5,,,
1987-12-27,24.5,,,
1987-12-28,23.8,,,
1987-12-29,23.3,,,
1987-12-30,22.8,,,
1987-12-31,22.7,,,
1988-01-01,21.8,,,
1988-01-02,21.1,,,
1988-01-03,20.6,,,
1988-01-04,20.0,,,
1988-01-05,19.1,,,
1988-01-06,18.9,,,
1988-01-07,18.5,,,
1988-01-08,18.0,,,
1988-01-09,17.5,,,
1988-01-10,17.0,,,
1988-01-11,16.5,,,
1988-01-12,16.0,,,
1988-01-13,15.5,,,
1988-01-14,15.0,,,
1988-01-15,14.7,,,
1988-01-16,14.3,,,
1988-01-17,14.0,,,
1988-01-18,13.7,,,
1988-01-19,13.6,,,
1988-01-20,13.3,,,
1988-01-21,13.3,,,
1988-01-22,13.0,,,
1988-01-23,12.9,,,
1988-01-24,12.6,,,
1988-01-25,11.9,,,
1988-01-26,11.6,,,
1988-01-27,11.5,,,
1988-01-28,11.5,,,
1988-01-29,11.2,,,
1988-01-30,11.2,,,
1988-01-31,10.8,,,
1988-02-01,10.5,,,
1988-02-02,10.2,,,
1988-02-03,10.1,,,
1988-02-04,9.8,,,
1988-02-05,9.4,,,
1988-02-06,9.4,,,
1988-02-07,9.3,,,
1988-02-08,8.8,,,
1988-02-09,8.4,,,
1988-02-10,8.1,,,
1988-02-11,8.0,,,
1988-02-12,7.7,,,
1988-02-13,7.4,,,
1988-02-14,6.9,,,
1988-02-15,6.8,,,
1988-02-16,6.7,,,
1988-02-17,6.3,,,
1988-02-18,6.1,,,
1988-02-19,5.7,,,
1988-02-20,5.6,,,
1988-02-21,5.3,,,
1988-02-22,5.3,,,
1988-02-23,5.3,,,
1988-02-24,5.0,,,
1988-02-25,4.9,,,
1988-02-26,4.5,,,
1988-02-27,4.4,,,
1988-02-28,4.4,,,
1988-02-29,4.2,,,
1988-03-01,4.7,,,
1988-03-02,4.9,,,
1988-03-03,4.4,,,
1988-03-04,3.9,,,
1988-03-05,3.9,,,
1988-03-06,4.3,,,
1988-03-07,4.4,,,
1988-03-08,4.1,,,
1988-03-09,3.8,,,
1988-03-10,3.8,,,
1988-03-11,4.2,,,
1988-03-12,5.6,,,
1988-03-13,6.6,,,
1988-03-14,6.2,,,
1988-03-15,5.8,,,
1988-03-16,5.9,,,
1988-03-17,4.9,,,
1988-03-18,4.4,,,
1988-03-19,4.3,,,
1988-03-20,3.9,,,
1988-03-21,3.8,,,
1988-03-22,3.5,,,
1988-03-23,3.2,,,
1988-03-24,2.9,,,
1988-03-25,2.90888888888889,,,
1988-03-26,2.91777777777778,,,
1988-03-27,2.92666666666667,,,
1988-03-28,2.93555555555556,,,
1988-03-29,2.94444444444444,,,
1988-03-30,2.95333333333333,,,
1988-03-31,2.9622222222222203,,,
1988-04-01,2.9711111111111097,,,
1988-04-02,2.98,,,
1988-04-03,2.9888888888888903,,,
1988-04-04,2.99777777777778,,,
1988-04-05,3.00666666666667,,,
1988-04-06,3.01555555555556,,,
1988-04-07,3.02444444444444,,,
1988-04-08,3.03333333333333,,,
1988-04-09,3.0422222222222204,,,
1988-04-10,3.0511111111111098,,,
1988-04-11,3.06,,,
1988-04-12,3.0688888888888903,,,
1988-04-13,3.07777777777778,,,
1988-04-14,3.08666666666667,,,
1988-04-15,3.09555555555556,,,
1988-04-16,3.10444444444444,,,
1988-04-17,3.11333333333333,,,
1988-04-18,3.1222222222222205,,,
1988-04-19,3.13111111111111,,,
1988-04-20,3.14,,,
1988-04-21,3.14888888888889,,,
1988-04-22,3.15777777777778,,,
1988-04-23,3.1666666666666696,,,
1988-04-24,3.17555555555556,,,
1988-04-25,3.18444444444444,,,
1988-04-26,3.1933333333333302,,,
1988-04-27,3.20222222222222,,,
1988-04-28,3.21111111111111,,,
1988-04-29,3.22,,,
1988-04-30,3.22888888888889,,,
1988-05-01,3.23777777777778,,,
1988-05-02,3.2466666666666697,,,
1988-05-03,3.25555555555556,,,
1988-05-04,3.26444444444444,,,
1988-05-05,3.2733333333333303,,,
1988-05-06,3.28222222222222,,,
1988-05-07,3.29111111111111,,,
1988-05-08,3.3,,,
1988-05-09,3.8,,,
1988-05-10,4.4,,,
1988-05-11,5.1,,,
1988-05-12,6.2,,,
1988-05-13,7.2,,,
1988-05-14,7.3,,,
1988-05-15,8.0,,,
1988-05-16,8.6,,,
1988-05-17,8.7,,,
1988-05-18,8.1,,,
1988-05-19,6.6,,,
1988-05-20,6.7,,,
1988-05-21,6.8,,,
1988-05-22,6.6,,,
1988-05-23,6.8,,,
1988-05-24,7.7,,,
1988-05-25,10.0,,,
1988-05-26,10.0,,,
1988-05-27,12.8,,,
1988-05-28,13.3,,,
1988-05-29,13.3,,,
1988-05-30,13.2,,,
1988-05-31,14.5,,,
1988-06-01,13.3,,,
1988-06-02,11.6,,,
1988-06-03,9.9,,,
1988-06-04,8.2,,,
1988-06-05,7.0,,,
1988-06-06,8.1,,,
1988-06-07,10.8,,,
1988-06-08,11.6,,,
1988-06-09,12.2,,,
1988-06-10,12.1,,,
1988-06-11,12.1,,,
1988-06-12,12.6,,,
1988-06-13,11.9,,,
1988-06-14,11.5,,,
1988-06-15,11.3,,,
1988-06-16,11.7,,,
1988-06-17,12.9,,,
1988-06-18,14.4,,,
1988-06-19,15.8,,,
1988-06-20,15.3,,,
1988-06-21,14.2,,,
1988-06-22,13.6,,,
1988-06-23,13.8,,,
1988-06-24,14.6,,,
1988-06-25,16.8,,,
1988-06-26,21.4,,,
1988-06-27,27.1,,,
1988-06-28,28.6,,,
1988-06-29,28.1,,,
1988-06-30,29.0142857142857,,,
1988-07-01,29.9285714285714,,,
1988-07-02,30.842857142857103,,,
1988-07-03,31.75714285714289,,,
1988-07-04,32.6714285714286,,,
1988-07-05,33.5857142857143,,,
1988-07-06,34.5,,,
1988-07-07,36.2,,,
1988-07-08,35.4,,,
1988-07-09,34.6,,,
1988-07-10,33.2,,,
1988-07-11,34.4,,,
1988-07-12,33.6,,,
1988-07-13,33.0,,,
1988-07-14,38.7,,,
1988-07-15,45.3,,,
1988-07-16,50.9,,,
1988-07-17,62.2,,,
1988-07-18,64.2,,,
1988-07-19,60.3,,,
1988-07-20,60.1,,,
1988-07-21,63.5,,,
1988-07-22,64.6,,,
1988-07-23,64.0,,,
1988-07-24,72.4,,,
1988-07-25,92.2,,,
1988-07-26,101.0,,,
1988-07-27,144.0,,,
1988-07-28,186.0,,,
1988-07-29,198.0,,,
1988-07-30,202.0,,,
1988-07-31,214.0,,,
1988-08-01,224.0,,,
1988-08-02,235.0,,,
1988-08-03,237.0,,,
1988-08-04,238.0,,,
1988-08-05,257.0,,,
1988-08-06,258.0,,,
1988-08-07,257.0,,,
1988-08-08,252.0,,,
1988-08-09,227.0,,,
1988-08-10,216.0,,,
1988-08-11,226.0,,,
1988-08-12,270.0,,,
1988-08-13,320.0,,,
1988-08-14,360.0,,,
1988-08-15,390.0,,,
1988-08-16,420.0,,,
1988-08-17,447.0,,,
1988-08-18,460.0,,,
1988-08-19,471.0,,,
1988-08-20,478.0,,,
1988-08-21,483.0,,,
1988-08-22,486.0,,,
1988-08-23,484.0,,,
1988-08-24,475.0,,,
1988-08-25,465.0,,,
1988-08-26,469.0,,,
1988-08-27,476.0,,,
1988-08-28,427.0,,,
1988-08-29,377.0,,,
1988-08-30,363.0,,,
1988-08-31,348.0,,,
1988-09-01,349.0,,,
1988-09-02,370.0,,,
1988-09-03,394.0,,,
1988-09-04,417.0,,,
1988-09-05,439.0,,,
1988-09-06,455.0,,,
1988-09-07,469.0,,,
1988-09-08,486.0,,,
1988-09-09,507.0,,,
1988-09-10,526.0,,,
1988-09-11,542.0,,,
1988-09-12,553.0,,,
1988-09-13,557.0,,,
1988-09-14,555.0,,,
1988-09-15,554.0,,,
1988-09-16,553.0,,,
1988-09-17,543.0,,,
1988-09-18,531.0,,,
1988-09-19,524.0,,,
1988-09-20,521.0,,,
1988-09-21,540.0,,,
1988-09-22,551.0,,,
1988-09-23,560.0,,,
1988-09-24,559.0,,,
1988-09-25,554.0,,,
1988-09-26,544.0,,,
1988-09-27,509.0,,,
1988-09-28,461.0,,,
1988-09-29,420.0,,,
1988-09-30,392.0,,,
1988-10-01,360.0,,,
1988-10-02,329.0,,,
1988-10-03,300.0,,,
1988-10-04,286.0,,,
1988-10-05,275.0,,,
1988-10-06,271.0,,,
1988-10-07,265.0,,,
1988-10-08,245.0,,,
1988-10-09,222.0,,,
1988-10-10,200.0,,,
1988-10-11,181.0,,,
1988-10-12,169.0,,,
1988-10-13,161.0,,,
1988-10-14,154.0,,,
1988-10-15,145.0,,,
1988-10-16,136.0,,,
1988-10-17,129.0,,,
1988-10-18,124.0,,,
1988-10-19,122.0,,,
1988-10-20,120.0,,,
1988-10-21,118.0,,,
1988-10-22,116.0,,,
1988-10-23,112.0,,,
1988-10-24,105.0,,,
1988-10-25,95.6,,,
1988-10-26,80.8,,,
1988-10-27,76.5,,,
1988-10-28,73.9,,,
1988-10-29,74.9,,,
1988-10-30,78.9,,,
1988-10-31,84.4,,,
1988-11-01,86.0,,,
1988-11-02,86.6,,,
1988-11-03,89.2,,,
1988-11-04,86.6,,,
1988-11-05,85.5,,,
1988-11-06,80.9,,,
1988-11-07,76.3,,,
1988-11-08,75.6,,,
1988-11-09,75.1,,,
1988-11-10,71.5,,,
1988-11-11,67.8,,,
1988-11-12,62.1,,,
1988-11-13,57.5,,,
1988-11-14,53.3,,,
1988-11-15,49.5,,,
1988-11-16,41.5,,,
1988-11-17,39.4,,,
1988-11-18,38.0,,,
1988-11-19,36.6,,,
1988-11-20,36.1,,,
1988-11-21,34.3,,,
1988-11-22,32.7,,,
1988-11-23,32.2,,,
1988-11-24,35.1,,,
1988-11-25,33.9,,,
1988-11-26,32.3,,,
1988-11-27,29.3,,,
1988-11-28,26.0,,,
1988-11-29,25.5,,,
1988-11-30,25.3,,,
1988-12-01,23.9,,,
1988-12-02,23.8,,,
1988-12-03,30.0,,,
1988-12-04,34.4,,,
1988-12-05,33.0,,,
1988-12-06,30.0,,,
1988-12-07,28.1,,,
1988-12-08,26.2,,,
1988-12-09,25.4,,,
1988-12-10,23.7,,,
1988-12-11,21.3,,,
1988-12-12,20.1,,,
1988-12-13,19.4,,,
1988-12-14,18.2,,,
1988-12-15,17.9,,,
1988-12-16,17.66,,,
1988-12-17,17.42,,,
1988-12-18,17.18,,,
1988-12-19,16.94,,,
1988-12-20,16.7,,,
1988-12-21,16.46,,,
1988-12-22,16.22,,,
1988-12-23,15.98,,,
1988-12-24,15.74,,,
1988-12-25,15.5,,,
1988-12-26,14.4,,,
1988-12-27,14.0,,,
1988-12-28,13.7,,,
1988-12-29,13.5,,,
1988-12-30,12.9,,,
1988-12-31,12.4,,,
1989-01-01,12.2,,,
1989-01-02,12.1,,,
1989-01-03,11.8,,,
1989-01-04,11.2,,,
1989-01-05,11.2,,,
1989-01-06,11.2,,,
1989-01-07,10.9,,,
1989-01-08,9.8,,,
1989-01-09,9.4,,,
1989-01-10,8.4,,,
1989-01-11,8.0,,,
1989-01-12,8.0,,,
1989-01-13,7.7,,,
1989-01-14,6.8,,,
1989-01-15,6.5,,,
1989-01-16,6.5,,,
1989-01-17,6.4,,,
1989-01-18,6.2,,,
1989-01-19,5.8,,,
1989-01-20,5.6,,,
1989-01-21,5.3,,,
1989-01-22,5.0,,,
1989-01-23,5.0,,,
1989-01-24,5.0,,,
1989-01-25,5.0,,,
1989-01-26,5.0,,,
1989-01-27,5.0,,,
1989-01-28,5.0,,,
1989-01-29,5.0,,,
1989-01-30,5.0,,,
1989-01-31,5.0,,,
1989-02-01,5.0,,,
1989-02-02,5.0,,,
1989-02-03,5.0,,,
1989-02-04,5.0,,,
1989-02-05,5.0,,,
1989-02-06,5.0,,,
1989-02-07,4.9,,,
1989-02-08,4.7,,,
1989-02-09,4.8,,,
1989-02-10,5.1,,,
1989-02-11,5.3,,,
1989-02-12,5.3,,,
1989-02-13,5.2,,,
1989-02-14,5.0,,,
1989-02-15,5.1,,,
1989-02-16,5.3,,,
1989-02-17,5.4,,,
1989-02-18,5.9,,,
1989-02-19,6.1,,,
1989-02-20,6.1,,,
1989-02-21,6.4,,,
1989-02-22,6.1,,,
1989-02-23,5.6,,,
1989-02-24,5.3,,,
1989-02-25,5.0,,,
1989-02-26,4.9,,,
1989-02-27,4.7,,,
1989-02-28,4.4,,,
1989-03-01,4.4,,,
1989-03-02,4.3,,,
1989-03-03,4.1,,,
1989-03-04,3.8,,,
1989-03-05,3.8,,,
1989-03-06,3.8,,,
1989-03-07,3.8,,,
1989-03-08,3.8,,,
1989-03-09,3.8,,,
1989-03-10,3.8,,,
1989-03-11,3.7,,,
1989-03-12,3.5,,,
1989-03-13,3.2,,,
1989-03-14,3.2,,,
1989-03-15,3.2,,,
1989-03-16,3.2,,,
1989-03-17,3.2,,,
1989-03-18,3.2,,,
1989-03-19,3.2,,,
1989-03-20,3.2,,,
1989-03-21,3.2,,,
1989-03-22,3.2,,,
1989-03-23,3.1,,,
1989-03-24,2.9,,,
1989-03-25,2.9,,,
1989-03-26,2.9,,,
1989-03-27,2.9,,,
1989-03-28,2.9,,,
1989-03-29,2.9,,,
1989-03-30,2.9,,,
1989-03-31,2.9,,,
1989-04-01,2.9,,,
1989-04-02,2.8,,,
1989-04-03,2.6,,,
1989-04-04,2.6,,,
1989-04-05,2.6,,,
1989-04-06,2.5,,,
1989-04-07,2.0,,,
1989-04-08,2.0,,,
1989-04-09,2.0,,,
1989-04-10,2.0,,,
1989-04-11,2.0,,,
1989-04-12,2.0,,,
1989-04-13,2.0,,,
1989-04-14,1.9,,,
1989-04-15,1.6,,,
1989-04-16,1.3,,,
1989-04-17,0.5,,,
1989-04-18,0.3,,,
1989-04-19,0.0,,,
1989-04-20,0.0,,,
1989-04-21,0.0,,,
1989-04-22,0.0,,,
1989-04-23,0.0,,,
1989-04-24,0.0,,,
1989-04-25,0.0,,,
1989-04-26,0.0,,,
1989-04-27,0.0,,,
1989-04-28,0.0,,,
1989-04-29,0.0,,,
1989-04-30,0.0,,,
1989-05-01,0.0,,,
1989-05-02,0.0,,,
1989-05-03,0.0,,,
1989-05-04,0.0,,,
1989-05-05,0.0,,,
1989-05-06,0.0,,,
1989-05-07,0.0,,,
1989-05-08,0.0,,,
1989-05-09,0.0,,,
1989-05-10,0.0,,,
1989-05-11,0.0,,,
1989-05-12,0.0,,,
1989-05-13,0.7,,,
1989-05-14,2.5,,,
1989-05-15,3.6,,,
1989-05-16,4.5,,,
1989-05-17,5.2,,,
1989-05-18,6.1,,,
1989-05-19,7.2,,,
1989-05-20,8.3,,,
1989-05-21,9.7,,,
1989-05-22,10.2,,,
1989-05-23,10.5,,,
1989-05-24,10.8,,,
1989-05-25,10.9,,,
1989-05-26,11.2,,,
1989-05-27,11.5,,,
1989-05-28,11.7,,,
1989-05-29,12.2,,,
1989-05-30,12.2,,,
1989-05-31,12.2,,,
1989-06-01,12.2,,,
1989-06-02,12.1,,,
1989-06-03,11.2,,,
1989-06-04,10.0,,,
1989-06-05,9.6,,,
1989-06-06,9.5,,,
1989-06-07,9.5,,,
1989-06-08,11.1,,,
1989-06-09,11.3,,,
1989-06-10,12.1,,,
1989-06-11,12.5,,,
1989-06-12,11.5,,,
1989-06-13,11.1,,,
1989-06-14,10.6,,,
1989-06-15,11.0,,,
1989-06-16,12.2,,,
1989-06-17,14.3,,,
1989-06-18,18.1,,,
1989-06-19,23.5,,,
1989-06-20,30.2,,,
1989-06-21,38.2,,,
1989-06-22,39.9,,,
1989-06-23,37.1,,,
1989-06-24,35.2,,,
1989-06-25,35.8,,,
1989-06-26,42.4,,,
1989-06-27,52.0,,,
1989-06-28,65.4,,,
1989-06-29,66.4,,,
1989-06-30,55.3,,,
1989-07-01,48.2,,,
1989-07-02,44.3,,,
1989-07-03,45.0,,,
1989-07-04,46.8,,,
1989-07-05,47.3,,,
1989-07-06,45.0,,,
1989-07-07,43.4,,,
1989-07-08,46.5,,,
1989-07-09,51.3,,,
1989-07-10,66.1,,,
1989-07-11,83.8,,,
1989-07-12,96.8,,,
1989-07-13,96.6,,,
1989-07-14,95.3,,,
1989-07-15,88.3,,,
1989-07-16,76.5,,,
1989-07-17,65.7,,,
1989-07-18,56.8,,,
1989-07-19,52.2,,,
1989-07-20,58.1,,,
1989-07-21,65.9,,,
1989-07-22,72.6,,,
1989-07-23,71.7,,,
1989-07-24,68.6,,,
1989-07-25,77.5,,,
1989-07-26,86.0,,,
1989-07-27,94.3,,,
1989-07-28,138.0,,,
1989-07-29,193.0,,,
1989-07-30,249.0,,,
1989-07-31,301.0,,,
1989-08-01,338.0,,,
1989-08-02,346.0,,,
1989-08-03,349.0,,,
1989-08-04,365.0,,,
1989-08-05,376.0,,,
1989-08-06,359.0,,,
1989-08-07,336.0,,,
1989-08-08,319.0,,,
1989-08-09,323.0,,,
1989-08-10,324.0,,,
1989-08-11,296.0,,,
1989-08-12,268.0,,,
1989-08-13,276.0,,,
1989-08-14,285.0,,,
1989-08-15,263.0,,,
1989-08-16,229.0,,,
1989-08-17,212.0,,,
1989-08-18,227.0,,,
1989-08-19,267.0,,,
1989-08-20,295.0,,,
1989-08-21,302.0,,,
1989-08-22,297.0,,,
1989-08-23,301.0,,,
1989-08-24,296.0,,,
1989-08-25,297.0,,,
1989-08-26,321.0,,,
1989-08-27,380.0,,,
1989-08-28,472.0,,,
1989-08-29,464.0,,,
1989-08-30,451.0,,,
1989-08-31,462.0,,,
1989-09-01,478.0,,,
1989-09-02,490.0,,,
1989-09-03,498.0,,,
1989-09-04,509.0,,,
1989-09-05,524.0,,,
1989-09-06,538.0,,,
1989-09-07,549.0,,,
1989-09-08,554.0,,,
1989-09-09,553.0,,,
1989-09-10,539.0,,,
1989-09-11,468.0,,,
1989-09-12,414.0,,,
1989-09-13,413.0,,,
1989-09-14,436.0,,,
1989-09-15,441.0,,,
1989-09-16,440.0,,,
1989-09-17,437.0,,,
1989-09-18,417.0,,,
1989-09-19,393.0,,,
1989-09-20,381.0,,,
1989-09-21,377.0,,,
1989-09-22,389.0,,,
1989-09-23,413.0,,,
1989-09-24,431.0,,,
1989-09-25,439.0,,,
1989-09-26,444.0,,,
1989-09-27,436.0,,,
1989-09-28,420.0,,,
1989-09-29,389.0,,,
1989-09-30,342.0,,,
1989-10-01,309.0,,,
1989-10-02,304.0,,,
1989-10-03,306.0,,,
1989-10-04,323.0,,,
1989-10-05,345.0,,,
1989-10-06,366.0,,,
1989-10-07,386.0,,,
1989-10-08,419.0,,,
1989-10-09,451.0,,,
1989-10-10,478.0,,,
1989-10-11,496.0,,,
1989-10-12,503.0,,,
1989-10-13,507.0,,,
1989-10-14,505.0,,,
1989-10-15,502.0,,,
1989-10-16,491.0,,,
1989-10-17,455.0,,,
1989-10-18,382.0,,,
1989-10-19,323.0,,,
1989-10-20,291.0,,,
1989-10-21,266.0,,,
1989-10-22,243.0,,,
1989-10-23,221.0,,,
1989-10-24,202.0,,,
1989-10-25,188.0,,,
1989-10-26,179.0,,,
1989-10-27,174.0,,,
1989-10-28,166.0,,,
1989-10-29,157.0,,,
1989-10-30,145.0,,,
1989-10-31,135.0,,,
1989-11-01,125.0,,,
1989-11-02,117.0,,,
1989-11-03,110.0,,,
1989-11-04,106.0,,,
1989-11-05,103.0,,,
1989-11-06,100.0,,,
1989-11-07,94.4,,,
1989-11-08,88.6,,,
1989-11-09,85.0,,,
1989-11-10,78.9,,,
1989-11-11,74.9,,,
1989-11-12,72.0,,,
1989-11-13,70.3,,,
1989-11-14,67.6,,,
1989-11-15,66.2,,,
1989-11-16,66.7,,,
1989-11-17,68.9,,,
1989-11-18,72.7,,,
1989-11-19,73.0,,,
1989-11-20,72.6,,,
1989-11-21,68.2,,,
1989-11-22,63.9,,,
1989-11-23,60.7,,,
1989-11-24,57.5,,,
1989-11-25,54.2,,,
1989-11-26,51.7,,,
1989-11-27,49.4,,,
1989-11-28,50.4,,,
1989-11-29,52.8,,,
1989-11-30,52.0,,,
1989-12-01,51.0,,,
1989-12-02,48.4,,,
1989-12-03,45.2,,,
1989-12-04,41.2,,,
1989-12-05,38.1,,,
1989-12-06,37.1,,,
1989-12-07,35.6,,,
1989-12-08,34.9,,,
1989-12-09,33.2,,,
1989-12-10,34.3,,,
1989-12-11,34.7,,,
1989-12-12,34.2,,,
1989-12-13,33.1,,,
1989-12-14,32.1,,,
1989-12-15,30.9,,,
1989-12-16,29.5,,,
1989-12-17,28.8,,,
1989-12-18,27.8,,,
1989-12-19,27.2,,,
1989-12-20,26.4,,,
1989-12-21,25.7,,,
1989-12-22,25.2,,,
1989-12-23,24.8,,,
1989-12-24,24.3,,,
1989-12-25,23.6,,,
1989-12-26,22.4,,,
1989-12-27,21.6,,,
1989-12-28,21.1,,,
1989-12-29,21.1,,,
1989-12-30,20.7,,,
1989-12-31,20.2,,,
1990-01-01,19.4,,,
1990-01-02,18.6,,,
1990-01-03,18.5,,,
1990-01-04,18.5,,,
1990-01-05,18.5,,,
1990-01-06,18.4,,,
1990-01-07,18.0,,,
1990-01-08,17.4,,,
1990-01-09,16.9,,,
1990-01-10,16.1,,,
1990-01-11,15.5,,,
1990-01-12,15.1,,,
1990-01-13,14.7,,,
1990-01-14,14.7,,,
1990-01-15,14.4,,,
1990-01-16,14.2,,,
1990-01-17,13.9,,,
1990-01-18,13.7,,,
1990-01-19,14.5,,,
1990-01-20,13.5,,,
1990-01-21,11.8,,,
1990-01-22,10.5,,,
1990-01-23,10.2,,,
1990-01-24,9.9,,,
1990-01-25,9.4,,,
1990-01-26,8.9,,,
1990-01-27,9.0,,,
1990-01-28,8.9,,,
1990-01-29,8.4,,,
1990-01-30,8.3,,,
1990-01-31,8.0,,,
1990-02-01,7.7,,,
1990-02-02,7.3,,,
1990-02-03,7.1,,,
1990-02-04,6.8,,,
1990-02-05,6.4,,,
1990-02-06,6.2,,,
1990-02-07,5.8,,,
1990-02-08,5.6,,,
1990-02-09,5.5,,,
1990-02-10,5.0,,,
1990-02-11,4.9,,,
1990-02-12,4.7,,,
1990-02-13,4.6,,,
1990-02-14,4.4,,,
1990-02-15,4.4,,,
1990-02-16,4.4,,,
1990-02-17,4.3,,,
1990-02-18,4.1,,,
1990-02-19,3.8,,,
1990-02-20,3.5,,,
1990-02-21,3.5,,,
1990-02-22,3.4,,,
1990-02-23,3.2,,,
1990-02-24,3.1,,,
1990-02-25,2.9,,,
1990-02-26,2.8,,,
1990-02-27,2.6,,,
1990-02-28,2.6,,,
1990-03-01,2.5,,,
1990-03-02,2.3,,,
1990-03-03,2.0,,,
1990-03-04,2.0,,,
1990-03-05,2.0,,,
1990-03-06,2.0,,,
1990-03-07,2.0,,,
1990-03-08,1.9,,,
1990-03-09,1.5,,,
1990-03-10,1.2,,,
1990-03-11,1.2,,,
1990-03-12,1.2,,,
1990-03-13,1.2,,,
1990-03-14,1.2,,,
1990-03-15,1.1,,,
1990-03-16,0.8,,,
1990-03-17,0.7,,,
1990-03-18,0.4,,,
1990-03-19,0.4,,,
1990-03-20,0.4,,,
1990-03-21,0.4,,,
1990-03-22,0.0,,,
1990-03-23,0.0,,,
1990-03-24,0.0,,,
1990-03-25,0.0,,,
1990-03-26,0.0,,,
1990-03-27,0.0,,,
1990-03-28,0.0,,,
1990-03-29,0.0,,,
1990-03-30,0.0,,,
1990-03-31,0.0,,,
1990-04-01,0.0,,,
1990-04-02,0.0,,,
1990-04-03,0.0,,,
1990-04-04,0.0,,,
1990-04-05,0.0,,,
1990-04-06,0.0,,,
1990-04-07,0.0,,,
1990-04-08,0.0,,,
1990-04-09,0.0,,,
1990-04-10,0.0,,,
1990-04-11,0.0,,,
1990-04-12,0.0,,,
1990-04-13,0.0,,,
1990-04-14,0.0,,,
1990-04-15,0.0,,,
1990-04-16,0.0,,,
1990-04-17,0.0,,,
1990-04-18,0.4,,,
1990-04-19,0.4,,,
1990-04-20,0.5,,,
1990-04-21,0.9,,,
1990-04-22,1.4,,,
1990-04-23,2.2,,,
1990-04-24,3.0,,,
1990-04-25,3.9,,,
1990-04-26,4.6,,,
1990-04-27,5.4,,,
1990-04-28,6.3,,,
1990-04-29,7.0,,,
1990-04-30,7.7,,,
1990-05-01,8.7,,,
1990-05-02,10.0,,,
1990-05-03,10.2,,,
1990-05-04,11.9,,,
1990-05-05,13.5,,,
1990-05-06,14.1,,,
1990-05-07,13.8,,,
1990-05-08,13.1,,,
1990-05-09,13.0,,,
1990-05-10,14.4,,,
1990-05-11,15.2,,,
1990-05-12,14.2,,,
1990-05-13,14.4,,,
1990-05-14,16.0,,,
1990-05-15,17.4,,,
1990-05-16,17.6,,,
1990-05-17,19.5,,,
1990-05-18,23.0,,,
1990-05-19,24.2,,,
1990-05-20,24.1,,,
1990-05-21,24.8,,,
1990-05-22,23.3,,,
1990-05-23,19.8,,,
1990-05-24,16.9,,,
1990-05-25,15.7,,,
1990-05-26,16.0,,,
1990-05-27,15.9,,,
1990-05-28,16.4,,,
1990-05-29,19.3,,,
1990-05-30,20.5,,,
1990-05-31,19.6,,,
1990-06-01,17.7,,,
1990-06-02,16.2,,,
1990-06-03,14.9,,,
1990-06-04,14.3,,,
1990-06-05,14.2,,,
1990-06-06,14.5,,,
1990-06-07,13.8,,,
1990-06-08,13.1,,,
1990-06-09,12.2,,,
1990-06-10,11.9,,,
1990-06-11,11.4,,,
1990-06-12,11.8,,,
1990-06-13,14.3,,,
1990-06-14,17.0,,,
1990-06-15,18.2,,,
1990-06-16,20.4,,,
1990-06-17,20.7,,,
1990-06-18,21.6,,,
1990-06-19,27.3,,,
1990-06-20,42.0,,,
1990-06-21,57.1,,,
1990-06-22,70.3,,,
1990-06-23,75.2,,,
1990-06-24,67.7,,,
1990-06-25,59.2,,,
1990-06-26,50.0,,,
1990-06-27,45.3,,,
1990-06-28,42.9,,,
1990-06-29,42.4,,,
1990-06-30,48.0,,,
1990-07-01,60.1,,,
1990-07-02,70.3,,,
1990-07-03,75.7,,,
1990-07-04,76.8,,,
1990-07-05,80.9,,,
1990-07-06,96.7,,,
1990-07-07,108.0,,,
1990-07-08,112.0,,,
1990-07-09,97.7,,,
1990-07-10,87.2,,,
1990-07-11,78.8,,,
1990-07-12,76.3,,,
1990-07-13,81.4,,,
1990-07-14,91.8,,,
1990-07-15,120.0,,,
1990-07-16,151.0,,,
1990-07-17,152.0,,,
1990-07-18,126.0,,,
1990-07-19,110.0,,,
1990-07-20,95.4,,,
1990-07-21,89.3,,,
1990-07-22,84.4,,,
1990-07-23,81.5,,,
1990-07-24,78.1,,,
1990-07-25,88.0,,,
1990-07-26,115.0,,,
1990-07-27,138.0,,,
1990-07-28,143.0,,,
1990-07-29,134.0,,,
1990-07-30,124.0,,,
1990-07-31,138.0,,,
1990-08-01,161.0,,,
1990-08-02,158.0,,,
1990-08-03,156.0,,,
1990-08-04,152.0,,,
1990-08-05,140.0,,,
1990-08-06,150.0,,,
1990-08-07,210.0,,,
1990-08-08,249.0,,,
1990-08-09,381.0,,,
1990-08-10,377.0,,,
1990-08-11,329.0,,,
1990-08-12,319.0,,,
1990-08-13,348.0,,,
1990-08-14,426.0,,,
1990-08-15,477.0,,,
1990-08-16,499.0,,,
1990-08-17,500.0,,,
1990-08-18,478.0,,,
1990-08-19,444.0,,,
1990-08-20,415.0,,,
1990-08-21,392.0,,,
1990-08-22,370.0,,,
1990-08-23,343.0,,,
1990-08-24,340.0,,,
1990-08-25,354.0,,,
1990-08-26,385.0,,,
1990-08-27,416.0,,,
1990-08-28,421.0,,,
1990-08-29,419.0,,,
1990-08-30,421.0,,,
1990-08-31,416.0,,,
1990-09-01,404.0,,,
1990-09-02,394.0,,,
1990-09-03,374.0,,,
1990-09-04,358.0,,,
1990-09-05,351.0,,,
1990-09-06,357.0,,,
1990-09-07,382.0,,,
1990-09-08,402.0,,,
1990-09-09,414.0,,,
1990-09-10,420.0,,,
1990-09-11,412.0,,,
1990-09-12,427.0,,,
1990-09-13,445.0,,,
1990-09-14,457.0,,,
1990-09-15,459.0,,,
1990-09-16,460.0,,,
1990-09-17,464.0,,,
1990-09-18,468.0,,,
1990-09-19,458.0,,,
1990-09-20,421.0,,,
1990-09-21,382.0,,,
1990-09-22,363.0,,,
1990-09-23,364.0,,,
1990-09-24,369.0,,,
1990-09-25,369.0,,,
1990-09-26,369.0,,,
1990-09-27,372.0,,,
1990-09-28,384.0,,,
1990-09-29,394.0,,,
1990-09-30,382.0,,,
1990-10-01,361.0,,,
1990-10-02,333.0,,,
1990-10-03,315.0,,,
1990-10-04,300.0,,,
1990-10-05,292.0,,,
1990-10-06,284.0,,,
1990-10-07,281.0,,,
1990-10-08,290.0,,,
1990-10-09,292.0,,,
1990-10-10,289.0,,,
1990-10-11,274.0,,,
1990-10-12,254.0,,,
1990-10-13,241.0,,,
1990-10-14,229.0,,,
1990-10-15,216.0,,,
1990-10-16,206.0,,,
1990-10-17,205.0,,,
1990-10-18,205.0,,,
1990-10-19,202.0,,,
1990-10-20,190.0,,,
1990-10-21,176.0,,,
1990-10-22,161.0,,,
1990-10-23,151.0,,,
1990-10-24,146.0,,,
1990-10-25,146.0,,,
1990-10-26,144.0,,,
1990-10-27,140.0,,,
1990-10-28,136.0,,,
1990-10-29,136.0,,,
1990-10-30,140.0,,,
1990-10-31,138.0,,,
1990-11-01,127.0,,,
1990-11-02,118.0,,,
1990-11-03,117.0,,,
1990-11-04,114.0,,,
1990-11-05,113.0,,,
1990-11-06,110.0,,,
1990-11-07,103.0,,,
1990-11-08,95.7,,,
1990-11-09,90.0,,,
1990-11-10,84.3,,,
1990-11-11,80.4,,,
1990-11-12,77.3,,,
1990-11-13,73.7,,,
1990-11-14,70.2,,,
1990-11-15,66.9,,,
1990-11-16,68.4,,,
1990-11-17,72.0,,,
1990-11-18,71.5,,,
1990-11-19,69.1,,,
1990-11-20,67.9,,,
1990-11-21,64.3,,,
1990-11-22,56.0,,,
1990-11-23,48.7,,,
1990-11-24,43.9,,,
1990-11-25,40.7,,,
1990-11-26,38.3,,,
1990-11-27,38.4,,,
1990-11-28,39.9,,,
1990-11-29,38.4,,,
1990-11-30,36.9,,,
1990-12-01,36.6,,,
1990-12-02,36.9,,,
1990-12-03,37.2,,,
1990-12-04,38.6,,,
1990-12-05,44.4,,,
1990-12-06,44.8,,,
1990-12-07,42.1,,,
1990-12-08,36.4,,,
1990-12-09,32.4,,,
1990-12-10,29.5,,,
1990-12-11,27.3,,,
1990-12-12,25.7,,,
1990-12-13,24.3,,,
1990-12-14,23.0,,,
1990-12-15,22.4,,,
1990-12-16,21.4,,,
1990-12-17,21.2,,,
1990-12-18,21.6,,,
1990-12-19,22.0,,,
1990-12-20,26.0,,,
1990-12-21,31.3,,,
1990-12-22,34.5,,,
1990-12-23,32.9,,,
1990-12-24,28.2,,,
1990-12-25,24.8,,,
1990-12-26,22.6,,,
1990-12-27,20.8,,,
1990-12-28,18.8,,,
1990-12-29,17.8,,,
1990-12-30,16.8,,,
1990-12-31,15.6,,,
1991-01-01,13.2,,,
1991-01-02,14.1,,,
1991-01-03,13.6,,,
1991-01-04,12.9,,,
1991-01-05,12.5,,,
1991-01-06,12.2,,,
1991-01-07,11.8,,,
1991-01-08,11.5,,,
1991-01-09,11.1,,,
1991-01-10,10.5,,,
1991-01-11,10.4,,,
1991-01-12,10.3,,,
1991-01-13,10.0,,,
1991-01-14,9.6,,,
1991-01-15,9.4,,,
1991-01-16,9.1,,,
1991-01-17,8.5,,,
1991-01-18,8.3,,,
1991-01-19,8.0,,,
1991-01-20,7.8,,,
1991-01-21,7.5,,,
1991-01-22,7.4,,,
1991-01-23,7.4,,,
1991-01-24,7.4,,,
1991-01-25,7.1,,,
1991-01-26,7.2,,,
1991-01-27,7.4,,,
1991-01-28,6.8,,,
1991-01-29,6.6,,,
1991-01-30,6.5,,,
1991-01-31,6.5,,,
1991-02-01,6.2,,,
1991-02-02,6.1,,,
1991-02-03,5.9,,,
1991-02-04,5.9,,,
1991-02-05,5.8,,,
1991-02-06,5.6,,,
1991-02-07,5.5,,,
1991-02-08,5.3,,,
1991-02-09,5.3,,,
1991-02-10,5.2,,,
1991-02-11,5.0,,,
1991-02-12,4.9,,,
1991-02-13,4.7,,,
1991-02-14,4.6,,,
1991-02-15,4.4,,,
1991-02-16,4.4,,,
1991-02-17,4.3,,,
1991-02-18,4.1,,,
1991-02-19,4.1,,,
1991-02-20,4.0,,,
1991-02-21,3.8,,,
1991-02-22,3.8,,,
1991-02-23,3.8,,,
1991-02-24,3.7,,,
1991-02-25,3.5,,,
1991-02-26,3.5,,,
1991-02-27,3.5,,,
1991-02-28,3.3,,,
1991-03-01,1.5,,,
1991-03-02,1.1,,,
1991-03-03,0.8,,,
1991-03-04,1.1,,,
1991-03-05,1.8,,,
1991-03-06,1.2,,,
1991-03-07,0.8,,,
1991-03-08,0.7,,,
1991-03-09,0.4,,,
1991-03-10,0.6,,,
1991-03-11,1.2,,,
1991-03-12,1.1,,,
1991-03-13,0.7,,,
1991-03-14,0.3,,,
1991-03-15,0.1,,,
1991-03-16,0.5,,,
1991-03-17,0.9,,,
1991-03-18,1.6,,,
1991-03-19,3.1,,,
1991-03-20,4.3,,,
1991-03-21,4.2,,,
1991-03-22,4.4,,,
1991-03-23,4.3,,,
1991-03-24,3.7,,,
1991-03-25,3.1,,,
1991-03-26,2.6,,,
1991-03-27,2.3,,,
1991-03-28,2.0,,,
1991-03-29,1.9,,,
1991-03-30,1.5,,,
1991-03-31,0.8,,,
1991-04-01,0.0,,,
1991-04-02,0.0,,,
1991-04-03,0.0,,,
1991-04-04,0.0,,,
1991-04-05,0.0,,,
1991-04-06,0.0,,,
1991-04-07,0.0,,,
1991-04-08,0.0,,,
1991-04-09,0.0,,,
1991-04-10,0.0,,,
1991-04-11,0.0,,,
1991-04-12,0.0,,,
1991-04-13,0.0,,,
1991-04-14,0.0,,,
1991-04-15,0.0,,,
1991-04-16,0.0,,,
1991-04-17,0.0,,,
1991-04-18,0.0,,,
1991-04-19,0.0,,,
1991-04-20,0.0,,,
1991-04-21,0.0,,,
1991-04-22,0.0,,,
1991-04-23,0.0,,,
1991-04-24,0.0,,,
1991-04-25,0.0,,,
1991-04-26,0.0,,,
1991-04-27,0.0,,,
1991-04-28,0.0,,,
1991-04-29,0.0,,,
1991-04-30,0.0,,,
1991-05-01,0.0,,,
1991-05-02,0.0,,,
1991-05-03,0.0,,,
1991-05-04,0.0,,,
1991-05-05,0.0,,,
1991-05-06,0.0,,,
1991-05-07,0.0,,,
1991-05-08,0.0,,,
1991-05-09,0.0,,,
1991-05-10,0.0,,,
1991-05-11,0.0,,,
1991-05-12,0.0,,,
1991-05-13,0.0,,,
1991-05-14,0.0,,,
1991-05-15,0.0,,,
1991-05-16,0.0,,,
1991-05-17,0.0,,,
1991-05-18,0.0,,,
1991-05-19,0.0,,,
1991-05-20,0.0,,,
1991-05-21,0.0,,,
1991-05-22,4.9,,,
1991-05-23,8.3,,,
1991-05-24,14.8,,,
1991-05-25,22.2,,,
1991-05-26,41.3,,,
1991-05-27,56.4,,,
1991-05-28,57.0,,,
1991-05-29,49.7,,,
1991-05-30,37.6,,,
1991-05-31,30.2,,,
1991-06-01,33.6,,,
1991-06-02,46.3,,,
1991-06-03,48.3,,,
1991-06-04,42.9,,,
1991-06-05,37.0,,,
1991-06-06,34.0,,,
1991-06-07,31.5,,,
1991-06-08,32.6,,,
1991-06-09,32.5,,,
1991-06-10,31.5,,,
1991-06-11,39.6,,,
1991-06-12,66.3,,,
1991-06-13,102.0,,,
1991-06-14,108.0,,,
1991-06-15,98.9,,,
1991-06-16,81.2,,,
1991-06-17,69.1,,,
1991-06-18,59.9,,,
1991-06-19,50.2,,,
1991-06-20,43.5,,,
1991-06-21,39.3,,,
1991-06-22,36.9,,,
1991-06-23,39.8,,,
1991-06-24,58.4,,,
1991-06-25,72.5,,,
1991-06-26,68.6,,,
1991-06-27,60.5,,,
1991-06-28,53.9,,,
1991-06-29,53.2,,,
1991-06-30,59.8,,,
1991-07-01,61.4,,,
1991-07-02,58.4,,,
1991-07-03,57.7,,,
1991-07-04,48.8,,,
1991-07-05,48.3,,,
1991-07-06,49.4,,,
1991-07-07,50.9,,,
1991-07-08,49.6,,,
1991-07-09,46.2,,,
1991-07-10,44.3,,,
1991-07-11,44.0,,,
1991-07-12,43.6,,,
1991-07-13,44.5,,,
1991-07-14,47.5,,,
1991-07-15,58.7,,,
1991-07-16,77.5,,,
1991-07-17,86.5,,,
1991-07-18,95.3,,,
1991-07-19,126.0,,,
1991-07-20,184.0,,,
1991-07-21,237.0,,,
1991-07-22,279.0,,,
1991-07-23,316.0,,,
1991-07-24,359.0,,,
1991-07-25,379.0,,,
1991-07-26,402.0,,,
1991-07-27,414.0,,,
1991-07-28,389.0,,,
1991-07-29,363.0,,,
1991-07-30,341.0,,,
1991-07-31,343.027777777778,,,
1991-08-01,345.05555555555605,,,
1991-08-02,347.083333333333,,,
1991-08-03,349.111111111111,,,
1991-08-04,351.138888888889,,,
1991-08-05,353.166666666667,,,
1991-08-06,355.19444444444395,,,
1991-08-07,357.222222222222,,,
1991-08-08,359.25,,,
1991-08-09,361.277777777778,,,
1991-08-10,363.30555555555605,,,
1991-08-11,365.333333333333,,,
1991-08-12,367.361111111111,,,
1991-08-13,369.388888888889,,,
1991-08-14,371.416666666667,,,
1991-08-15,373.444444444444,,,
1991-08-16,375.472222222222,,,
1991-08-17,377.5,,,
1991-08-18,379.527777777778,,,
1991-08-19,381.55555555555605,,,
1991-08-20,383.583333333333,,,
1991-08-21,385.611111111111,,,
1991-08-22,387.638888888889,,,
1991-08-23,389.666666666667,,,
1991-08-24,391.694444444444,,,
1991-08-25,393.722222222222,,,
1991-08-26,395.75,,,
1991-08-27,397.777777777778,,,
1991-08-28,399.80555555555605,,,
1991-08-29,401.833333333333,,,
1991-08-30,403.861111111111,,,
1991-08-31,405.888888888889,,,
1991-09-01,407.916666666667,,,
1991-09-02,409.944444444444,,,
1991-09-03,411.972222222222,,,
1991-09-04,414.0,,,
1991-09-05,405.0,,,
1991-09-06,402.0,,,
1991-09-07,400.0,,,
1991-09-08,393.0,,,
1991-09-09,390.0,,,
1991-09-10,372.0,,,
1991-09-11,343.0,,,
1991-09-12,313.0,,,
1991-09-13,285.0,,,
1991-09-14,257.0,,,
1991-09-15,246.0,,,
1991-09-16,262.0,,,
1991-09-17,280.0,,,
1991-09-18,300.0,,,
1991-09-19,333.0,,,
1991-09-20,383.0,,,
1991-09-21,404.0,,,
1991-09-22,417.0,,,
1991-09-23,428.0,,,
1991-09-24,429.0,,,
1991-09-25,406.0,,,
1991-09-26,385.0,,,
1991-09-27,376.0,,,
1991-09-28,363.0,,,
1991-09-29,352.0,,,
1991-09-30,333.0,,,
1991-10-01,313.0,,,
1991-10-02,288.0,,,
1991-10-03,272.0,,,
1991-10-04,293.0,,,
1991-10-05,333.0,,,
1991-10-06,370.0,,,
1991-10-07,407.0,,,
1991-10-08,428.0,,,
1991-10-09,434.0,,,
1991-10-10,436.0,,,
1991-10-11,438.0,,,
1991-10-12,447.0,,,
1991-10-13,461.0,,,
1991-10-14,468.0,,,
1991-10-15,470.0,,,
1991-10-16,457.0,,,
1991-10-17,418.0,,,
1991-10-18,366.0,,,
1991-10-19,327.0,,,
1991-10-20,309.0,,,
1991-10-21,303.0,,,
1991-10-22,302.0,,,
1991-10-23,295.0,,,
1991-10-24,282.0,,,
1991-10-25,264.0,,,
1991-10-26,244.0,,,
1991-10-27,225.0,,,
1991-10-28,207.0,,,
1991-10-29,198.0,,,
1991-10-30,200.0,,,
1991-10-31,212.0,,,
1991-11-01,210.0,,,
1991-11-02,190.0,,,
1991-11-03,169.0,,,
1991-11-04,151.0,,,
1991-11-05,145.0,,,
1991-11-06,145.0,,,
1991-11-07,141.0,,,
1991-11-08,140.0,,,
1991-11-09,151.0,,,
1991-11-10,162.0,,,
1991-11-11,160.0,,,
1991-11-12,138.0,,,
1991-11-13,115.0,,,
1991-11-14,102.0,,,
1991-11-15,93.9,,,
1991-11-16,87.3,,,
1991-11-17,82.4,,,
1991-11-18,79.3,,,
1991-11-19,75.6,,,
1991-11-20,70.1,,,
1991-11-21,64.5,,,
1991-11-22,60.9,,,
1991-11-23,57.8,,,
1991-11-24,54.5,,,
1991-11-25,51.5,,,
1991-11-26,49.6,,,
1991-11-27,49.0,,,
1991-11-28,49.9,,,
1991-11-29,49.0,,,
1991-11-30,46.7,,,
1991-12-01,43.5,,,
1991-12-02,41.2,,,
1991-12-03,40.4,,,
1991-12-04,40.9,,,
1991-12-05,39.9,,,
1991-12-06,37.8,,,
1991-12-07,35.9,,,
1991-12-08,37.4,,,
1991-12-09,40.1,,,
1991-12-10,41.8,,,
1991-12-11,38.9,,,
1991-12-12,35.2,,,
1991-12-13,33.3,,,
1991-12-14,31.3,,,
1991-12-15,29.7,,,
1991-12-16,28.4,,,
1991-12-17,27.3,,,
1991-12-18,25.8,,,
1991-12-19,24.6,,,
1991-12-20,23.3,,,
1991-12-21,22.4,,,
1991-12-22,21.4,,,
1991-12-23,20.5,,,
1991-12-24,19.9,,,
1991-12-25,19.3,,,
1991-12-26,18.7,,,
1991-12-27,17.8,,,
1991-12-28,17.1,,,
1991-12-29,16.8,,,
1991-12-30,16.4,,,
1991-12-31,15.5,,,
1992-01-01,14.9,,,
1992-01-02,14.6,,,
1992-01-03,14.3,,,
1992-01-04,14.2,,,
1992-01-05,13.9,,,
1992-01-06,13.3,,,
1992-01-07,13.1,,,
1992-01-08,12.8,,,
1992-01-09,12.4,,,
1992-01-10,11.9,,,
1992-01-11,11.8,,,
1992-01-12,11.5,,,
1992-01-13,11.0,,,
1992-01-14,10.8,,,
1992-01-15,10.6,,,
1992-01-16,10.5,,,
1992-01-17,10.3,,,
1992-01-18,9.8,,,
1992-01-19,9.8,,,
1992-01-20,9.6,,,
1992-01-21,9.4,,,
1992-01-22,9.4,,,
1992-01-23,9.4,,,
1992-01-24,9.1,,,
1992-01-25,9.0,,,
1992-01-26,8.7,,,
1992-01-27,8.7,,,
1992-01-28,8.7,,,
1992-01-29,8.7,,,
1992-01-30,8.6,,,
1992-01-31,8.3,,,
1992-02-01,7.9,,,
1992-02-02,7.6,,,
1992-02-03,7.1,,,
1992-02-04,7.1,,,
1992-02-05,6.8,,,
1992-02-06,6.7,,,
1992-02-07,6.6,,,
1992-02-08,6.9,,,
1992-02-09,6.9,,,
1992-02-10,6.5,,,
1992-02-11,6.5,,,
1992-02-12,6.5,,,
1992-02-13,6.5,,,
1992-02-14,6.5,,,
1992-02-15,6.5,,,
1992-02-16,6.5,,,
1992-02-17,6.5,,,
1992-02-18,6.5,,,
1992-02-19,6.5,,,
1992-02-20,6.4,,,
1992-02-21,6.2,,,
1992-02-22,6.1,,,
1992-02-23,6.0,,,
1992-02-24,6.04814814814815,,,
1992-02-25,6.0962962962963,,,
1992-02-26,6.14444444444444,,,
1992-02-27,6.1925925925925895,,,
1992-02-28,6.2407407407407405,,,
1992-02-29,6.28888888888889,,,
1992-03-01,6.33703703703704,,,
1992-03-02,6.385185185185191,,,
1992-03-03,6.43333333333333,,,
1992-03-04,6.481481481481481,,,
1992-03-05,6.52962962962963,,,
1992-03-06,6.57777777777778,,,
1992-03-07,6.625925925925929,,,
1992-03-08,6.674074074074071,,,
1992-03-09,6.72222222222222,,,
1992-03-10,6.77037037037037,,,
1992-03-11,6.81851851851852,,,
1992-03-12,6.86666666666667,,,
1992-03-13,6.914814814814809,,,
1992-03-14,6.96296296296296,,,
1992-03-15,7.01111111111111,,,
1992-03-16,7.059259259259259,,,
1992-03-17,7.10740740740741,,,
1992-03-18,7.155555555555559,,,
1992-03-19,7.203703703703701,,,
1992-03-20,7.25185185185185,,,
1992-03-21,7.3,,,
1992-03-22,7.348148148148151,,,
1992-03-23,7.3962962962963,,,
1992-03-24,7.44444444444444,,,
1992-03-25,7.49259259259259,,,
1992-03-26,7.54074074074074,,,
1992-03-27,7.5888888888888895,,,
1992-03-28,7.63703703703704,,,
1992-03-29,7.6851851851851904,,,
1992-03-30,7.73333333333333,,,
1992-03-31,7.781481481481481,,,
1992-04-01,7.82962962962963,,,
1992-04-02,7.87777777777778,,,
1992-04-03,7.925925925925929,,,
1992-04-04,7.97407407407407,,,
1992-04-05,8.02222222222222,,,
1992-04-06,8.07037037037037,,,
1992-04-07,8.118518518518519,,,
1992-04-08,8.16666666666667,,,
1992-04-09,8.21481481481482,,,
1992-04-10,8.26296296296296,,,
1992-04-11,8.31111111111111,,,
1992-04-12,8.35925925925926,,,
1992-04-13,8.40740740740741,,,
1992-04-14,8.45555555555556,,,
1992-04-15,8.5037037037037,,,
1992-04-16,8.551851851851849,,,
1992-04-17,8.6,,,
1992-04-18,8.64814814814815,,,
1992-04-19,8.6962962962963,,,
1992-04-20,8.74444444444445,,,
1992-04-21,8.79259259259259,,,
1992-04-22,8.84074074074074,,,
1992-04-23,8.888888888888891,,,
1992-04-24,8.937037037037038,,,
1992-04-25,8.98518518518519,,,
1992-04-26,9.03333333333333,,,
1992-04-27,9.08148148148148,,,
1992-04-28,9.129629629629632,,,
1992-04-29,9.17777777777778,,,
1992-04-30,9.22592592592593,,,
1992-05-01,9.27407407407407,,,
1992-05-02,9.32222222222222,,,
1992-05-03,9.370370370370368,,,
1992-05-04,9.41851851851852,,,
1992-05-05,9.46666666666667,,,
1992-05-06,9.51481481481482,,,
1992-05-07,9.562962962962962,,,
1992-05-08,9.611111111111107,,,
1992-05-09,9.65925925925926,,,
1992-05-10,9.70740740740741,,,
1992-05-11,9.75555555555556,,,
1992-05-12,9.803703703703698,,,
1992-05-13,9.85185185185185,,,
1992-05-14,9.9,,,
1992-05-15,9.3,,,
1992-05-16,8.7,,,
1992-05-17,8.7,,,
1992-05-18,7.9,,,
1992-05-19,7.7,,,
1992-05-20,7.5,,,
1992-05-21,7.0,,,
1992-05-22,8.0,,,
1992-05-23,10.1,,,
1992-05-24,11.7,,,
1992-05-25,11.6,,,
1992-05-26,11.7,,,
1992-05-27,10.5,,,
1992-05-28,10.4,,,
1992-05-29,15.5,,,
1992-05-30,23.9,,,
1992-05-31,25.8,,,
1992-06-01,23.8,,,
1992-06-02,22.7,,,
1992-06-03,21.3,,,
1992-06-04,20.2,,,
1992-06-05,22.3,,,
1992-06-06,21.4,,,
1992-06-07,19.5,,,
1992-06-08,19.2,,,
1992-06-09,19.1,,,
1992-06-10,20.2,,,
1992-06-11,24.1,,,
1992-06-12,31.8,,,
1992-06-13,43.6,,,
1992-06-14,49.6,,,
1992-06-15,50.1,,,
1992-06-16,49.4,,,
1992-06-17,46.8,,,
1992-06-18,42.2,,,
1992-06-19,42.1,,,
1992-06-20,45.445,,,
1992-06-21,48.79,,,
1992-06-22,52.135,,,
1992-06-23,55.48,,,
1992-06-24,58.825,,,
1992-06-25,62.17,,,
1992-06-26,65.515,,,
1992-06-27,68.86,,,
1992-06-28,72.205,,,
1992-06-29,75.55,,,
1992-06-30,78.895,,,
1992-07-01,82.24,,,
1992-07-02,85.585,,,
1992-07-03,88.93,,,
1992-07-04,92.275,,,
1992-07-05,95.62,,,
1992-07-06,98.965,,,
1992-07-07,102.31,,,
1992-07-08,105.655,,,
1992-07-09,109.0,,,
1992-07-10,133.0,,,
1992-07-11,162.0,,,
1992-07-12,187.0,,,
1992-07-13,202.0,,,
1992-07-14,197.0,,,
1992-07-15,188.0,,,
1992-07-16,179.0,,,
1992-07-17,169.0,,,
1992-07-18,180.0,,,
1992-07-19,194.0,,,
1992-07-20,207.0,,,
1992-07-21,216.0,,,
1992-07-22,209.0,,,
1992-07-23,200.0,,,
1992-07-24,204.0,,,
1992-07-25,221.0,,,
1992-07-26,239.0,,,
1992-07-27,240.0,,,
1992-07-28,235.0,,,
1992-07-29,235.0,,,
1992-07-30,236.0,,,
1992-07-31,236.0,,,
1992-08-01,237.0,,,
1992-08-02,238.0,,,
1992-08-03,239.0,,,
1992-08-04,239.0,,,
1992-08-05,246.0,,,
1992-08-06,273.0,,,
1992-08-07,292.0,,,
1992-08-08,310.0,,,
1992-08-09,327.0,,,
1992-08-10,342.0,,,
1992-08-11,369.0,,,
1992-08-12,403.0,,,
1992-08-13,399.0,,,
1992-08-14,388.0,,,
1992-08-15,365.0,,,
1992-08-16,352.0,,,
1992-08-17,353.0,,,
1992-08-18,369.0,,,
1992-08-19,374.0,,,
1992-08-20,375.0,,,
1992-08-21,376.0,,,
1992-08-22,376.0,,,
1992-08-23,383.0,,,
1992-08-24,395.0,,,
1992-08-25,418.0,,,
1992-08-26,448.0,,,
1992-08-27,461.0,,,
1992-08-28,472.0,,,
1992-08-29,473.0,,,
1992-08-30,474.0,,,
1992-08-31,474.0,,,
1992-09-01,475.0,,,
1992-09-02,475.0,,,
1992-09-03,479.0,,,
1992-09-04,484.0,,,
1992-09-05,483.0,,,
1992-09-06,476.0,,,
1992-09-07,470.0,,,
1992-09-08,475.0,,,
1992-09-09,483.0,,,
1992-09-10,488.0,,,
1992-09-11,468.0,,,
1992-09-12,447.0,,,
1992-09-13,426.0,,,
1992-09-14,407.0,,,
1992-09-15,403.0,,,
1992-09-16,413.0,,,
1992-09-17,413.0,,,
1992-09-18,411.0,,,
1992-09-19,411.0,,,
1992-09-20,414.0,,,
1992-09-21,436.0,,,
1992-09-22,445.0,,,
1992-09-23,423.0,,,
1992-09-24,406.0,,,
1992-09-25,398.0,,,
1992-09-26,394.0,,,
1992-09-27,392.0,,,
1992-09-28,384.0,,,
1992-09-29,369.0,,,
1992-09-30,353.0,,,
1992-10-01,324.0,,,
1992-10-02,304.0,,,
1992-10-03,293.0,,,
1992-10-04,277.0,,,
1992-10-05,269.0,,,
1992-10-06,265.0,,,
1992-10-07,271.0,,,
1992-10-08,271.0,,,
1992-10-09,263.0,,,
1992-10-10,239.0,,,
1992-10-11,215.0,,,
1992-10-12,202.0,,,
1992-10-13,207.0,,,
1992-10-14,225.0,,,
1992-10-15,254.0,,,
1992-10-16,284.0,,,
1992-10-17,290.0,,,
1992-10-18,272.0,,,
1992-10-19,256.0,,,
1992-10-20,248.0,,,
1992-10-21,237.0,,,
1992-10-22,220.0,,,
1992-10-23,205.0,,,
1992-10-24,189.0,,,
1992-10-25,173.0,,,
1992-10-26,161.0,,,
1992-10-27,155.0,,,
1992-10-28,147.0,,,
1992-10-29,137.0,,,
1992-10-30,128.0,,,
1992-10-31,121.0,,,
1992-11-01,112.0,,,
1992-11-02,105.0,,,
1992-11-03,102.0,,,
1992-11-04,98.6,,,
1992-11-05,93.0,,,
1992-11-06,86.8,,,
1992-11-07,81.4,,,
1992-11-08,78.2,,,
1992-11-09,76.7,,,
1992-11-10,82.4,,,
1992-11-11,94.4,,,
1992-11-12,107.0,,,
1992-11-13,118.0,,,
1992-11-14,124.0,,,
1992-11-15,130.0,,,
1992-11-16,135.0,,,
1992-11-17,135.0,,,
1992-11-18,113.0,,,
1992-11-19,95.0,,,
1992-11-20,84.5,,,
1992-11-21,79.7,,,
1992-11-22,76.7,,,
1992-11-23,71.5,,,
1992-11-24,66.2,,,
1992-11-25,61.0,,,
1992-11-26,55.8,,,
1992-11-27,51.0,,,
1992-11-28,47.9,,,
1992-11-29,45.5,,,
1992-11-30,43.3,,,
1992-12-01,41.6,,,
1992-12-02,39.2,,,
1992-12-03,37.1,,,
1992-12-04,35.8,,,
1992-12-05,34.9,,,
1992-12-06,33.9,,,
1992-12-07,32.7,,,
1992-12-08,32.4,,,
1992-12-09,31.5,,,
1992-12-10,30.6,,,
1992-12-11,29.5,,,
1992-12-12,28.4,,,
1992-12-13,27.3,,,
1992-12-14,25.8,,,
1992-12-15,25.3,,,
1992-12-16,24.5,,,
1992-12-17,23.8,,,
1992-12-18,23.7,,,
1992-12-19,23.5,,,
1992-12-20,23.3,,,
1992-12-21,22.6,,,
1992-12-22,21.4,,,
1992-12-23,20.6,,,
1992-12-24,19.7,,,
1992-12-25,18.8,,,
1992-12-26,17.9,,,
1992-12-27,17.0,,,
1992-12-28,16.1,,,
1992-12-29,15.7,,,
1992-12-30,15.4,,,
1992-12-31,15.2,,,
1993-01-01,15.0,,,
1993-01-02,14.9,,,
1993-01-03,14.6,,,
1993-01-04,14.3,,,
1993-01-05,14.1,,,
1993-01-06,14.0,,,
1993-01-07,13.6,,,
1993-01-08,13.2,,,
1993-01-09,12.6,,,
1993-01-10,12.2,,,
1993-01-11,11.8,,,
1993-01-12,11.5,,,
1993-01-13,11.5,,,
1993-01-14,11.5,,,
1993-01-15,11.5,,,
1993-01-16,11.0,,,
1993-01-17,10.3,,,
1993-01-18,9.7,,,
1993-01-19,9.1,,,
1993-01-20,8.5,,,
1993-01-21,8.3,,,
1993-01-22,7.7,,,
1993-01-23,7.6,,,
1993-01-24,7.4,,,
1993-01-25,7.3,,,
1993-01-26,7.1,,,
1993-01-27,7.1,,,
1993-01-28,6.9,,,
1993-01-29,6.7,,,
1993-01-30,6.78709677419355,,,
1993-01-31,6.874193548387099,,,
1993-02-01,6.96129032258065,,,
1993-02-02,7.04838709677419,,,
1993-02-03,7.13548387096774,,,
1993-02-04,7.22258064516129,,,
1993-02-05,7.309677419354839,,,
1993-02-06,7.396774193548389,,,
1993-02-07,7.48387096774194,,,
1993-02-08,7.570967741935481,,,
1993-02-09,7.65806451612903,,,
1993-02-10,7.745161290322581,,,
1993-02-11,7.83225806451613,,,
1993-02-12,7.91935483870968,,,
1993-02-13,8.00645161290323,,,
1993-02-14,8.093548387096769,,,
1993-02-15,8.18064516129032,,,
1993-02-16,8.26774193548387,,,
1993-02-17,8.35483870967742,,,
1993-02-18,8.44193548387097,,,
1993-02-19,8.52903225806452,,,
1993-02-20,8.61612903225807,,,
1993-02-21,8.703225806451611,,,
1993-02-22,8.79032258064516,,,
1993-02-23,8.877419354838711,,,
1993-02-24,8.96451612903226,,,
1993-02-25,9.051612903225813,,,
1993-02-26,9.13870967741936,,,
1993-02-27,9.2258064516129,,,
1993-02-28,9.31290322580645,,,
1993-03-01,9.4,,,
1993-03-02,9.48709677419355,,,
1993-03-03,9.5741935483871,,,
1993-03-04,9.66129032258065,,,
1993-03-05,9.7483870967742,,,
1993-03-06,9.83548387096774,,,
1993-03-07,9.92258064516129,,,
1993-03-08,10.0096774193548,,,
1993-03-09,10.0967741935484,,,
1993-03-10,10.1838709677419,,,
1993-03-11,10.2709677419355,,,
1993-03-12,10.358064516129,,,
1993-03-13,10.4451612903226,,,
1993-03-14,10.5322580645161,,,
1993-03-15,10.6193548387097,,,
1993-03-16,10.7064516129032,,,
1993-03-17,10.7935483870968,,,
1993-03-18,10.8806451612903,,,
1993-03-19,10.967741935483902,,,
1993-03-20,11.0548387096774,,,
1993-03-21,11.141935483871,,,
1993-03-22,11.2290322580645,,,
1993-03-23,11.3161290322581,,,
1993-03-24,11.4032258064516,,,
1993-03-25,11.4903225806452,,,
1993-03-26,11.5774193548387,,,
1993-03-27,11.664516129032302,,,
1993-03-28,11.7516129032258,,,
1993-03-29,11.8387096774194,,,
1993-03-30,11.9258064516129,,,
1993-03-31,12.0129032258065,,,
1993-04-01,12.1,,,
1993-04-02,12.1870967741935,,,
1993-04-03,12.2741935483871,,,
1993-04-04,12.3612903225806,,,
1993-04-05,12.4483870967742,,,
1993-04-06,12.535483870967695,,,
1993-04-07,12.6225806451613,,,
1993-04-08,12.7096774193548,,,
1993-04-09,12.7967741935484,,,
1993-04-10,12.8838709677419,,,
1993-04-11,12.9709677419355,,,
1993-04-12,13.058064516129,,,
1993-04-13,13.1451612903226,,,
1993-04-14,13.2322580645161,,,
1993-04-15,13.3193548387097,,,
1993-04-16,13.4064516129032,,,
1993-04-17,13.4935483870968,,,
1993-04-18,13.5806451612903,,,
1993-04-19,13.6677419354839,,,
1993-04-20,13.7548387096774,,,
1993-04-21,13.841935483871,,,
1993-04-22,13.9290322580645,,,
1993-04-23,14.0161290322581,,,
1993-04-24,14.1032258064516,,,
1993-04-25,14.1903225806452,,,
1993-04-26,14.2774193548387,,,
1993-04-27,14.3645161290323,,,
1993-04-28,14.4516129032258,,,
1993-04-29,14.5387096774194,,,
1993-04-30,14.6258064516129,,,
1993-05-01,14.7129032258065,,,
1993-05-02,14.8,,,
1993-05-03,12.8,,,
1993-05-04,11.5,,,
1993-05-05,9.9,,,
1993-05-06,10.3,,,
1993-05-07,11.6,,,
1993-05-08,12.2,,,
1993-05-09,11.9,,,
1993-05-10,10.8,,,
1993-05-11,9.4,,,
1993-05-12,8.7,,,
1993-05-13,8.0,,,
1993-05-14,8.0,,,
1993-05-15,7.8,,,
1993-05-16,7.7,,,
1993-05-17,7.5,,,
1993-05-18,6.4,,,
1993-05-19,5.9,,,
1993-05-20,6.0,,,
1993-05-21,6.6,,,
1993-05-22,6.8,,,
1993-05-23,8.1,,,
1993-05-24,12.4,,,
1993-05-25,14.9,,,
1993-05-26,15.6,,,
1993-05-27,13.9,,,
1993-05-28,12.6,,,
1993-05-29,12.0,,,
1993-05-30,11.7,,,
1993-05-31,11.5,,,
1993-06-01,9.9,,,
1993-06-02,8.8,,,
1993-06-03,8.7,,,
1993-06-04,9.1,,,
1993-06-05,10.2,,,
1993-06-06,11.7,,,
1993-06-07,13.4,,,
1993-06-08,15.4,,,
1993-06-09,18.4,,,
1993-06-10,20.9,,,
1993-06-11,22.5,,,
1993-06-12,22.2,,,
1993-06-13,22.8,,,
1993-06-14,25.0,,,
1993-06-15,27.5,,,
1993-06-16,27.1,,,
1993-06-17,24.5,,,
1993-06-18,23.8,,,
1993-06-19,25.5,,,
1993-06-20,29.4,,,
1993-06-21,32.1,,,
1993-06-22,32.9,,,
1993-06-23,29.6,,,
1993-06-24,26.8,,,
1993-06-25,26.0,,,
1993-06-26,34.5,,,
1993-06-27,50.9,,,
1993-06-28,61.7,,,
1993-06-29,72.0,,,
1993-06-30,82.2,,,
1993-07-01,94.6,,,
1993-07-02,92.6,,,
1993-07-03,82.5,,,
1993-07-04,73.6,,,
1993-07-05,74.4,,,
1993-07-06,70.2,,,
1993-07-07,60.5,,,
1993-07-08,48.3,,,
1993-07-09,39.7,,,
1993-07-10,35.9,,,
1993-07-11,35.1,,,
1993-07-12,34.3,,,
1993-07-13,33.9,,,
1993-07-14,43.3,,,
1993-07-15,66.9,,,
1993-07-16,78.1,,,
1993-07-17,79.7,,,
1993-07-18,78.6,,,
1993-07-19,71.8,,,
1993-07-20,79.7,,,
1993-07-21,93.6,,,
1993-07-22,111.0,,,
1993-07-23,121.0,,,
1993-07-24,134.0,,,
1993-07-25,138.0,,,
1993-07-26,141.0,,,
1993-07-27,186.0,,,
1993-07-28,226.0,,,
1993-07-29,250.0,,,
1993-07-30,278.0,,,
1993-07-31,296.0,,,
1993-08-01,380.0,,,
1993-08-02,468.0,,,
1993-08-03,507.0,,,
1993-08-04,521.0,,,
1993-08-05,532.0,,,
1993-08-06,544.0,,,
1993-08-07,550.0,,,
1993-08-08,550.0,,,
1993-08-09,541.0,,,
1993-08-10,517.0,,,
1993-08-11,487.0,,,
1993-08-12,435.0,,,
1993-08-13,376.0,,,
1993-08-14,360.0,,,
1993-08-15,348.0,,,
1993-08-16,332.0,,,
1993-08-17,329.0,,,
1993-08-18,346.0,,,
1993-08-19,357.0,,,
1993-08-20,362.0,,,
1993-08-21,375.0,,,
1993-08-22,386.0,,,
1993-08-23,393.0,,,
1993-08-24,392.0,,,
1993-08-25,389.0,,,
1993-08-26,386.0,,,
1993-08-27,398.0,,,
1993-08-28,401.0,,,
1993-08-29,393.0,,,
1993-08-30,388.0,,,
1993-08-31,383.0,,,
1993-09-01,348.0,,,
1993-09-02,342.0,,,
1993-09-03,392.0,,,
1993-09-04,492.0,,,
1993-09-05,509.0,,,
1993-09-06,513.0,,,
1993-09-07,510.0,,,
1993-09-08,509.0,,,
1993-09-09,501.0,,,
1993-09-10,491.0,,,
1993-09-11,478.0,,,
1993-09-12,464.0,,,
1993-09-13,451.0,,,
1993-09-14,443.0,,,
1993-09-15,436.0,,,
1993-09-16,429.0,,,
1993-09-17,414.0,,,
1993-09-18,409.0,,,
1993-09-19,408.0,,,
1993-09-20,398.0,,,
1993-09-21,378.0,,,
1993-09-22,348.0,,,
1993-09-23,343.0,,,
1993-09-24,383.0,,,
1993-09-25,415.0,,,
1993-09-26,440.0,,,
1993-09-27,458.0,,,
1993-09-28,467.0,,,
1993-09-29,471.0,,,
1993-09-30,473.0,,,
1993-10-01,464.0,,,
1993-10-02,448.0,,,
1993-10-03,440.0,,,
1993-10-04,434.0,,,
1993-10-05,427.0,,,
1993-10-06,396.0,,,
1993-10-07,356.0,,,
1993-10-08,332.0,,,
1993-10-09,328.0,,,
1993-10-10,334.0,,,
1993-10-11,340.0,,,
1993-10-12,340.0,,,
1993-10-13,322.0,,,
1993-10-14,307.0,,,
1993-10-15,294.0,,,
1993-10-16,281.0,,,
1993-10-17,259.0,,,
1993-10-18,238.0,,,
1993-10-19,219.0,,,
1993-10-20,210.0,,,
1993-10-21,199.0,,,
1993-10-22,185.0,,,
1993-10-23,174.0,,,
1993-10-24,172.0,,,
1993-10-25,168.0,,,
1993-10-26,165.0,,,
1993-10-27,162.0,,,
1993-10-28,159.0,,,
1993-10-29,154.0,,,
1993-10-30,154.0,,,
1993-10-31,159.0,,,
1993-11-01,165.0,,,
1993-11-02,179.0,,,
1993-11-03,184.0,,,
1993-11-04,175.0,,,
1993-11-05,167.0,,,
1993-11-06,163.0,,,
1993-11-07,159.0,,,
1993-11-08,154.0,,,
1993-11-09,157.0,,,
1993-11-10,164.0,,,
1993-11-11,160.0,,,
1993-11-12,149.0,,,
1993-11-13,136.0,,,
1993-11-14,122.0,,,
1993-11-15,110.0,,,
1993-11-16,98.4,,,
1993-11-17,89.4,,,
1993-11-18,84.5,,,
1993-11-19,78.7,,,
1993-11-20,75.7,,,
1993-11-21,74.4,,,
1993-11-22,71.4,,,
1993-11-23,72.4,,,
1993-11-24,92.7,,,
1993-11-25,150.0,,,
1993-11-26,186.0,,,
1993-11-27,194.0,,,
1993-11-28,172.0,,,
1993-11-29,137.0,,,
1993-11-30,110.0,,,
1993-12-01,93.0,,,
1993-12-02,82.7,,,
1993-12-03,72.6,,,
1993-12-04,65.5,,,
1993-12-05,58.7,,,
1993-12-06,52.9,,,
1993-12-07,48.8,,,
1993-12-08,45.6,,,
1993-12-09,42.6,,,
1993-12-10,41.1,,,
1993-12-11,39.8,,,
1993-12-12,37.1,,,
1993-12-13,35.7,,,
1993-12-14,34.8,,,
1993-12-15,33.3,,,
1993-12-16,32.2,,,
1993-12-17,31.3,,,
1993-12-18,29.9,,,
1993-12-19,28.4,,,
1993-12-20,27.2,,,
1993-12-21,26.8,,,
1993-12-22,25.6,,,
1993-12-23,25.3,,,
1993-12-24,23.8,,,
1993-12-25,23.8,,,
1993-12-26,23.2,,,
1993-12-27,21.6,,,
1993-12-28,21.6,,,
1993-12-29,21.3,,,
1993-12-30,19.6,,,
1993-12-31,19.5,,,
1994-01-01,18.6,,,
1994-01-02,17.1,,,
1994-01-03,16.5,,,
1994-01-04,15.9,,,
1994-01-05,14.8,,,
1994-01-06,14.7,,,
1994-01-07,14.6,,,
1994-01-08,14.2,,,
1994-01-09,14.0,,,
1994-01-10,12.9,,,
1994-01-11,12.0,,,
1994-01-12,11.9,,,
1994-01-13,11.8,,,
1994-01-14,11.5,,,
1994-01-15,11.2,,,
1994-01-16,11.1,,,
1994-01-17,10.8,,,
1994-01-18,10.8,,,
1994-01-19,10.7,,,
1994-01-20,10.2,,,
1994-01-21,9.5,,,
1994-01-22,9.1,,,
1994-01-23,9.0,,,
1994-01-24,8.7,,,
1994-01-25,8.7,,,
1994-01-26,8.7,,,
1994-01-27,8.3,,,
1994-01-28,8.0,,,
1994-01-29,7.6,,,
1994-01-30,7.3,,,
1994-01-31,7.0,,,
1994-02-01,6.7,,,
1994-02-02,6.5,,,
1994-02-03,6.51296296296296,,,
1994-02-04,6.52592592592593,,,
1994-02-05,6.53888888888889,,,
1994-02-06,6.55185185185185,,,
1994-02-07,6.5648148148148096,,,
1994-02-08,6.57777777777778,,,
1994-02-09,6.59074074074074,,,
1994-02-10,6.6037037037037,,,
1994-02-11,6.61666666666667,,,
1994-02-12,6.62962962962963,,,
1994-02-13,6.64259259259259,,,
1994-02-14,6.655555555555559,,,
1994-02-15,6.668518518518519,,,
1994-02-16,6.68148148148148,,,
1994-02-17,6.69444444444444,,,
1994-02-18,6.70740740740741,,,
1994-02-19,6.72037037037037,,,
1994-02-20,6.73333333333333,,,
1994-02-21,6.7462962962963,,,
1994-02-22,6.75925925925926,,,
1994-02-23,6.77222222222222,,,
1994-02-24,6.78518518518519,,,
1994-02-25,6.79814814814815,,,
1994-02-26,6.81111111111111,,,
1994-02-27,6.824074074074071,,,
1994-02-28,6.83703703703704,,,
1994-03-01,6.85,,,
1994-03-02,6.86296296296296,,,
1994-03-03,6.875925925925929,,,
1994-03-04,6.888888888888889,,,
1994-03-05,6.901851851851849,,,
1994-03-06,6.914814814814809,,,
1994-03-07,6.927777777777781,,,
1994-03-08,6.940740740740741,,,
1994-03-09,6.953703703703701,,,
1994-03-10,6.966666666666669,,,
1994-03-11,6.97962962962963,,,
1994-03-12,6.99259259259259,,,
1994-03-13,7.005555555555559,,,
1994-03-14,7.018518518518519,,,
1994-03-15,7.031481481481481,,,
1994-03-16,7.044444444444441,,,
1994-03-17,7.0574074074074105,,,
1994-03-18,7.07037037037037,,,
1994-03-19,7.08333333333333,,,
1994-03-20,7.0962962962963,,,
1994-03-21,7.10925925925926,,,
1994-03-22,7.12222222222222,,,
1994-03-23,7.135185185185191,,,
1994-03-24,7.148148148148151,,,
1994-03-25,7.161111111111111,,,
1994-03-26,7.174074074074071,,,
1994-03-27,7.18703703703704,,,
1994-03-28,7.2,,,
1994-03-29,7.21296296296296,,,
1994-03-30,7.22592592592593,,,
1994-03-31,7.23888888888889,,,
1994-04-01,7.25185185185185,,,
1994-04-02,7.26481481481482,,,
1994-04-03,7.27777777777778,,,
1994-04-04,7.29074074074074,,,
1994-04-05,7.3037037037037,,,
1994-04-06,7.31666666666667,,,
1994-04-07,7.32962962962963,,,
1994-04-08,7.34259259259259,,,
1994-04-09,7.35555555555556,,,
1994-04-10,7.36851851851852,,,
1994-04-11,7.38148148148148,,,
1994-04-12,7.39444444444444,,,
1994-04-13,7.40740740740741,,,
1994-04-14,7.42037037037037,,,
1994-04-15,7.43333333333333,,,
1994-04-16,7.4462962962963,,,
1994-04-17,7.45925925925926,,,
1994-04-18,7.47222222222222,,,
1994-04-19,7.48518518518519,,,
1994-04-20,7.49814814814815,,,
1994-04-21,7.51111111111111,,,
1994-04-22,7.52407407407407,,,
1994-04-23,7.53703703703704,,,
1994-04-24,7.55,,,
1994-04-25,7.56296296296296,,,
1994-04-26,7.5759259259259295,,,
1994-04-27,7.5888888888888895,,,
1994-04-28,7.601851851851849,,,
1994-04-29,7.61481481481482,,,
1994-04-30,7.62777777777778,,,
1994-05-01,7.64074074074074,,,
1994-05-02,7.6537037037037,,,
1994-05-03,7.66666666666667,,,
1994-05-04,7.67962962962963,,,
1994-05-05,7.692592592592589,,,
1994-05-06,7.705555555555559,,,
1994-05-07,7.718518518518519,,,
1994-05-08,7.731481481481481,,,
1994-05-09,7.744444444444441,,,
1994-05-10,7.75740740740741,,,
1994-05-11,7.77037037037037,,,
1994-05-12,7.78333333333333,,,
1994-05-13,7.796296296296299,,,
1994-05-14,7.809259259259259,,,
1994-05-15,7.822222222222219,,,
1994-05-16,7.835185185185191,,,
1994-05-17,7.848148148148151,,,
1994-05-18,7.861111111111111,,,
1994-05-19,7.874074074074071,,,
1994-05-20,7.88703703703704,,,
1994-05-21,7.9,,,
1994-05-22,8.6,,,
1994-05-23,8.6,,,
1994-05-24,8.4,,,
1994-05-25,9.3,,,
1994-05-26,12.8,,,
1994-05-27,14.2,,,
1994-05-28,12.7,,,
1994-05-29,11.3,,,
1994-05-30,11.0,,,
1994-05-31,10.2,,,
1994-06-01,9.4,,,
1994-06-02,9.6,,,
1994-06-03,11.0,,,
1994-06-04,14.6,,,
1994-06-05,18.2,,,
1994-06-06,21.7,,,
1994-06-07,25.5,,,
1994-06-08,28.0,,,
1994-06-09,27.5,,,
1994-06-10,26.7,,,
1994-06-11,26.7,,,
1994-06-12,28.2,,,
1994-06-13,29.2,,,
1994-06-14,29.4,,,
1994-06-15,28.1,,,
1994-06-16,26.9,,,
1994-06-17,28.8,,,
1994-06-18,34.2,,,
1994-06-19,40.1,,,
1994-06-20,46.8,,,
1994-06-21,63.5,,,
1994-06-22,75.2,,,
1994-06-23,77.6,,,
1994-06-24,77.5,,,
1994-06-25,76.7,,,
1994-06-26,75.8,,,
1994-06-27,74.5,,,
1994-06-28,73.0,,,
1994-06-29,71.5,,,
1994-06-30,70.7,,,
1994-07-01,72.9,,,
1994-07-02,73.8,,,
1994-07-03,74.7,,,
1994-07-04,76.1,,,
1994-07-05,78.6,,,
1994-07-06,81.6,,,
1994-07-07,85.8,,,
1994-07-08,90.1,,,
1994-07-09,95.5,,,
1994-07-10,102.0,,,
1994-07-11,101.0,,,
1994-07-12,99.1,,,
1994-07-13,97.7,,,
1994-07-14,102.0,,,
1994-07-15,103.0,,,
1994-07-16,97.5,,,
1994-07-17,85.0,,,
1994-07-18,72.4,,,
1994-07-19,65.3,,,
1994-07-20,63.3,,,
1994-07-21,63.2,,,
1994-07-22,86.6,,,
1994-07-23,90.8,,,
1994-07-24,94.7,,,
1994-07-25,101.0,,,
1994-07-26,113.0,,,
1994-07-27,138.0,,,
1994-07-28,200.0,,,
1994-07-29,249.0,,,
1994-07-30,264.0,,,
1994-07-31,259.0,,,
1994-08-01,198.0,,,
1994-08-02,199.0,,,
1994-08-03,191.0,,,
1994-08-04,172.0,,,
1994-08-05,158.0,,,
1994-08-06,148.0,,,
1994-08-07,149.0,,,
1994-08-08,179.0,,,
1994-08-09,214.0,,,
1994-08-10,266.0,,,
1994-08-11,312.0,,,
1994-08-12,297.0,,,
1994-08-13,283.0,,,
1994-08-14,266.0,,,
1994-08-15,242.0,,,
1994-08-16,220.0,,,
1994-08-17,211.0,,,
1994-08-18,207.0,,,
1994-08-19,197.0,,,
1994-08-20,207.0,,,
1994-08-21,218.0,,,
1994-08-22,223.0,,,
1994-08-23,201.0,,,
1994-08-24,198.0,,,
1994-08-25,243.0,,,
1994-08-26,380.0,,,
1994-08-27,457.0,,,
1994-08-28,504.0,,,
1994-08-29,543.0,,,
1994-08-30,577.0,,,
1994-08-31,616.0,,,
1994-09-01,651.0,,,
1994-09-02,654.0,,,
1994-09-03,667.0,,,
1994-09-04,687.0,,,
1994-09-05,703.0,,,
1994-09-06,711.0,,,
1994-09-07,703.0,,,
1994-09-08,694.0,,,
1994-09-09,671.0,,,
1994-09-10,633.0,,,
1994-09-11,609.0,,,
1994-09-12,631.0,,,
1994-09-13,655.0,,,
1994-09-14,647.0,,,
1994-09-15,645.0,,,
1994-09-16,644.0,,,
1994-09-17,650.0,,,
1994-09-18,652.0,,,
1994-09-19,668.0,,,
1994-09-20,687.0,,,
1994-09-21,692.0,,,
1994-09-22,687.0,,,
1994-09-23,681.0,,,
1994-09-24,671.0,,,
1994-09-25,680.0,,,
1994-09-26,711.0,,,
1994-09-27,731.0,,,
1994-09-28,743.0,,,
1994-09-29,743.0,,,
1994-09-30,718.0,,,
1994-10-01,629.0,,,
1994-10-02,602.0,,,
1994-10-03,572.0,,,
1994-10-04,554.0,,,
1994-10-05,561.0,,,
1994-10-06,594.0,,,
1994-10-07,618.0,,,
1994-10-08,598.0,,,
1994-10-09,574.0,,,
1994-10-10,566.0,,,
1994-10-11,595.0,,,
1994-10-12,621.0,,,
1994-10-13,642.0,,,
1994-10-14,653.0,,,
1994-10-15,645.0,,,
1994-10-16,624.0,,,
1994-10-17,603.0,,,
1994-10-18,593.0,,,
1994-10-19,586.0,,,
1994-10-20,566.0,,,
1994-10-21,551.0,,,
1994-10-22,529.0,,,
1994-10-23,504.0,,,
1994-10-24,478.0,,,
1994-10-25,456.0,,,
1994-10-26,447.0,,,
1994-10-27,439.0,,,
1994-10-28,432.0,,,
1994-10-29,440.0,,,
1994-10-30,453.0,,,
1994-10-31,466.0,,,
1994-11-01,498.0,,,
1994-11-02,511.0,,,
1994-11-03,529.0,,,
1994-11-04,545.0,,,
1994-11-05,557.0,,,
1994-11-06,565.0,,,
1994-11-07,559.0,,,
1994-11-08,541.0,,,
1994-11-09,514.0,,,
1994-11-10,483.0,,,
1994-11-11,444.0,,,
1994-11-12,408.0,,,
1994-11-13,373.0,,,
1994-11-14,334.0,,,
1994-11-15,291.0,,,
1994-11-16,260.0,,,
1994-11-17,239.0,,,
1994-11-18,223.0,,,
1994-11-19,209.0,,,
1994-11-20,198.0,,,
1994-11-21,187.0,,,
1994-11-22,177.0,,,
1994-11-23,167.0,,,
1994-11-24,158.0,,,
1994-11-25,150.0,,,
1994-11-26,142.0,,,
1994-11-27,135.0,,,
1994-11-28,128.0,,,
1994-11-29,123.0,,,
1994-11-30,119.0,,,
1994-12-01,110.0,,,
1994-12-02,107.0,,,
1994-12-03,102.0,,,
1994-12-04,96.4,,,
1994-12-05,92.7,,,
1994-12-06,88.4,,,
1994-12-07,83.5,,,
1994-12-08,79.3,,,
1994-12-09,75.3,,,
1994-12-10,71.8,,,
1994-12-11,68.0,,,
1994-12-12,65.5,,,
1994-12-13,62.2,,,
1994-12-14,59.0,,,
1994-12-15,55.1,,,
1994-12-16,52.6,,,
1994-12-17,49.7,,,
1994-12-18,48.3,,,
1994-12-19,46.1,,,
1994-12-20,43.8,,,
1994-12-21,42.0,,,
1994-12-22,41.3,,,
1994-12-23,39.3,,,
1994-12-24,37.7,,,
1994-12-25,36.7,,,
1994-12-26,35.2,,,
1994-12-27,34.2,,,
1994-12-28,33.5,,,
1994-12-29,32.4,,,
1994-12-30,31.1,,,
1994-12-31,29.8,,,
1995-01-01,28.6,,,
1995-01-02,28.2,,,
1995-01-03,27.8,,,
1995-01-04,26.1,,,
1995-01-05,24.9,,,
1995-01-06,24.2,,,
1995-01-07,23.0,,,
1995-01-08,22.3,,,
1995-01-09,21.6,,,
1995-01-10,20.7,,,
1995-01-11,20.0,,,
1995-01-12,19.6,,,
1995-01-13,18.7,,,
1995-01-14,18.1,,,
1995-01-15,17.6,,,
1995-01-16,17.0,,,
1995-01-17,16.2,,,
1995-01-18,15.6,,,
1995-01-19,15.5,,,
1995-01-20,15.1,,,
1995-01-21,14.8,,,
1995-01-22,14.5,,,
1995-01-23,14.1,,,
1995-01-24,13.7,,,
1995-01-25,13.0,,,
1995-01-26,12.5,,,
1995-01-27,12.0,,,
1995-01-28,11.7,,,
1995-01-29,10.9,,,
1995-01-30,10.8,,,
1995-01-31,10.8,,,
1995-02-01,10.1,,,
1995-02-02,9.9,,,
1995-02-03,9.4,,,
1995-02-04,9.0,,,
1995-02-05,8.9,,,
1995-02-06,8.6,,,
1995-02-07,8.1,,,
1995-02-08,7.6,,,
1995-02-09,7.2,,,
1995-02-10,7.59203539823009,,,
1995-02-11,7.98407079646018,,,
1995-02-12,8.37610619469027,,,
1995-02-13,8.76814159292035,,,
1995-02-14,9.16017699115044,,,
1995-02-15,9.552212389380529,,,
1995-02-16,9.94424778761062,,,
1995-02-17,10.3362831858407,,,
1995-02-18,10.7283185840708,,,
1995-02-19,11.120353982300902,,,
1995-02-20,11.512389380531,,,
1995-02-21,11.9044247787611,,,
1995-02-22,12.296460176991198,,,
1995-02-23,12.6884955752212,,,
1995-02-24,13.0805309734513,,,
1995-02-25,13.4725663716814,,,
1995-02-26,13.8646017699115,,,
1995-02-27,14.256637168141598,,,
1995-02-28,14.6486725663717,,,
1995-03-01,15.0407079646018,,,
1995-03-02,15.4327433628319,,,
1995-03-03,15.8247787610619,,,
1995-03-04,16.216814159292,,,
1995-03-05,16.6088495575221,,,
1995-03-06,17.0008849557522,,,
1995-03-07,17.3929203539823,,,
1995-03-08,17.784955752212397,,,
1995-03-09,18.1769911504425,,,
1995-03-10,18.569026548672603,,,
1995-03-11,18.9610619469027,,,
1995-03-12,19.3530973451327,,,
1995-03-13,19.7451327433628,,,
1995-03-14,20.1371681415929,,,
1995-03-15,20.529203539823,,,
1995-03-16,20.9212389380531,,,
1995-03-17,21.3132743362832,,,
1995-03-18,21.705309734513303,,,
1995-03-19,22.0973451327434,,,
1995-03-20,22.4893805309734,,,
1995-03-21,22.881415929203506,,,
1995-03-22,23.2734513274336,,,
1995-03-23,23.6654867256637,,,
1995-03-24,24.0575221238938,,,
1995-03-25,24.4495575221239,,,
1995-03-26,24.841592920354,,,
1995-03-27,25.233628318584103,,,
1995-03-28,25.6256637168142,,,
1995-03-29,26.0176991150442,,,
1995-03-30,26.4097345132743,,,
1995-03-31,26.8017699115044,,,
1995-04-01,27.1938053097345,,,
1995-04-02,27.5858407079646,,,
1995-04-03,27.9778761061947,,,
1995-04-04,28.3699115044248,,,
1995-04-05,28.761946902654906,,,
1995-04-06,29.153982300885,,,
1995-04-07,29.546017699115,,,
1995-04-08,29.9380530973451,,,
1995-04-09,30.3300884955752,,,
1995-04-10,30.7221238938053,,,
1995-04-11,31.1141592920354,,,
1995-04-12,31.5061946902655,,,
1995-04-13,31.8982300884956,,,
1995-04-14,32.290265486725694,,,
1995-04-15,32.6823008849558,,,
1995-04-16,33.0743362831858,,,
1995-04-17,33.46637168141589,,,
1995-04-18,33.858407079646,,,
1995-04-19,34.2504424778761,,,
1995-04-20,34.6424778761062,,,
1995-04-21,35.0345132743363,,,
1995-04-22,35.4265486725664,,,
1995-04-23,35.8185840707965,,,
1995-04-24,36.2106194690265,,,
1995-04-25,36.60265486725661,,,
1995-04-26,36.9946902654867,,,
1995-04-27,37.3867256637168,,,
1995-04-28,37.778761061946895,,,
1995-04-29,38.170796460177,,,
1995-04-30,38.5628318584071,,,
1995-05-01,38.9548672566372,,,
1995-05-02,39.34690265486729,,,
1995-05-03,39.73893805309729,,,
1995-05-04,40.1309734513274,,,
1995-05-05,40.5230088495575,,,
1995-05-06,40.9150442477876,,,
1995-05-07,41.307079646017705,,,
1995-05-08,41.6991150442478,,,
1995-05-09,42.0911504424779,,,
1995-05-10,42.483185840708,,,
1995-05-11,42.8752212389381,,,
1995-05-12,43.2672566371681,,,
1995-05-13,43.65929203539821,,,
1995-05-14,44.0513274336283,,,
1995-05-15,44.4433628318584,,,
1995-05-16,44.8353982300885,,,
1995-05-17,45.22743362831861,,,
1995-05-18,45.6194690265487,,,
1995-05-19,46.01150442477879,,,
1995-05-20,46.40353982300879,,,
1995-05-21,46.7955752212389,,,
1995-05-22,47.187610619469005,,,
1995-05-23,47.5796460176991,,,
1995-05-24,47.9716814159292,,,
1995-05-25,48.3637168141593,,,
1995-05-26,48.7557522123894,,,
1995-05-27,49.147787610619496,,,
1995-05-28,49.5398230088496,,,
1995-05-29,49.9318584070796,,,
1995-05-30,50.32389380530971,,,
1995-05-31,50.7159292035398,,,
1995-06-01,51.10796460176989,,,
1995-06-02,51.5,,,
1995-06-03,16.0,,,
1995-06-04,9.0,,,
1995-06-05,9.54347826086956,,,
1995-06-06,10.0869565217391,,,
1995-06-07,10.6304347826087,,,
1995-06-08,11.1739130434783,,,
1995-06-09,11.7173913043478,,,
1995-06-10,12.2608695652174,,,
1995-06-11,12.804347826087,,,
1995-06-12,13.3478260869565,,,
1995-06-13,13.8913043478261,,,
1995-06-14,14.4347826086957,,,
1995-06-15,14.9782608695652,,,
1995-06-16,15.5217391304348,,,
1995-06-17,16.0652173913043,,,
1995-06-18,16.6086956521739,,,
1995-06-19,17.152173913043498,,,
1995-06-20,17.695652173913,,,
1995-06-21,18.2391304347826,,,
1995-06-22,18.7826086956522,,,
1995-06-23,19.3260869565217,,,
1995-06-24,19.8695652173913,,,
1995-06-25,20.4130434782609,,,
1995-06-26,20.9565217391304,,,
1995-06-27,21.5,,,
1995-06-28,21.8,,,
1995-06-29,23.2,,,
1995-06-30,25.7,,,
1995-07-01,29.8,,,
1995-07-02,27.4,,,
1995-07-03,27.4,,,
1995-07-04,29.0,,,
1995-07-05,35.8,,,
1995-07-06,33.5,,,
1995-07-07,44.4,,,
1995-07-08,47.5,,,
1995-07-09,47.4,,,
1995-07-10,42.7,,,
1995-07-11,44.6,,,
1995-07-12,51.0,,,
1995-07-13,56.3,,,
1995-07-14,65.2,,,
1995-07-15,80.0,,,
1995-07-16,108.0,,,
1995-07-17,136.0,,,
1995-07-18,144.0,,,
1995-07-19,144.0,,,
1995-07-20,151.0,,,
1995-07-21,169.0,,,
1995-07-22,230.0,,,
1995-07-23,262.0,,,
1995-07-24,269.0,,,
1995-07-25,251.0,,,
1995-07-26,226.0,,,
1995-07-27,221.0,,,
1995-07-28,231.0,,,
1995-07-29,244.0,,,
1995-07-30,264.0,,,
1995-07-31,265.0,,,
1995-08-01,278.0,,,
1995-08-02,279.0,,,
1995-08-03,280.0,,,
1995-08-04,320.0,,,
1995-08-05,361.0,,,
1995-08-06,374.0,,,
1995-08-07,387.0,,,
1995-08-08,414.0,,,
1995-08-09,461.0,,,
1995-08-10,505.0,,,
1995-08-11,525.0,,,
1995-08-12,538.0,,,
1995-08-13,542.0,,,
1995-08-14,540.0,,,
1995-08-15,541.0,,,
1995-08-16,545.0,,,
1995-08-17,546.0,,,
1995-08-18,548.0,,,
1995-08-19,549.0,,,
1995-08-20,542.0,,,
1995-08-21,536.0,,,
1995-08-22,525.0,,,
1995-08-23,510.0,,,
1995-08-24,497.0,,,
1995-08-25,511.0,,,
1995-08-26,508.0,,,
1995-08-27,498.0,,,
1995-08-28,488.0,,,
1995-08-29,479.0,,,
1995-08-30,486.0,,,
1995-08-31,504.0,,,
1995-09-01,516.0,,,
1995-09-02,516.0,,,
1995-09-03,521.0,,,
1995-09-04,537.0,,,
1995-09-05,560.0,,,
1995-09-06,580.0,,,
1995-09-07,602.0,,,
1995-09-08,629.0,,,
1995-09-09,659.0,,,
1995-09-10,672.0,,,
1995-09-11,682.0,,,
1995-09-12,687.0,,,
1995-09-13,691.0,,,
1995-09-14,691.0,,,
1995-09-15,706.0,,,
1995-09-16,730.0,,,
1995-09-17,747.0,,,
1995-09-18,760.0,,,
1995-09-19,762.0,,,
1995-09-20,726.0,,,
1995-09-21,710.0,,,
1995-09-22,712.0,,,
1995-09-23,701.0,,,
1995-09-24,688.0,,,
1995-09-25,682.0,,,
1995-09-26,664.0,,,
1995-09-27,630.0,,,
1995-09-28,590.0,,,
1995-09-29,558.0,,,
1995-09-30,549.0,,,
1995-10-01,533.0,,,
1995-10-02,527.0,,,
1995-10-03,525.0,,,
1995-10-04,514.0,,,
1995-10-05,501.0,,,
1995-10-06,493.0,,,
1995-10-07,481.0,,,
1995-10-08,461.0,,,
1995-10-09,449.0,,,
1995-10-10,459.0,,,
1995-10-11,473.0,,,
1995-10-12,473.0,,,
1995-10-13,449.0,,,
1995-10-14,414.0,,,
1995-10-15,399.0,,,
1995-10-16,393.0,,,
1995-10-17,374.0,,,
1995-10-18,354.0,,,
1995-10-19,337.0,,,
1995-10-20,315.0,,,
1995-10-21,298.0,,,
1995-10-22,286.0,,,
1995-10-23,275.0,,,
1995-10-24,260.0,,,
1995-10-25,244.0,,,
1995-10-26,211.0,,,
1995-10-27,192.0,,,
1995-10-28,186.0,,,
1995-10-29,180.0,,,
1995-10-30,174.0,,,
1995-10-31,167.0,,,
1995-11-01,150.0,,,
1995-11-02,146.0,,,
1995-11-03,140.0,,,
1995-11-04,135.0,,,
1995-11-05,131.0,,,
1995-11-06,127.0,,,
1995-11-07,124.0,,,
1995-11-08,122.0,,,
1995-11-09,119.0,,,
1995-11-10,117.0,,,
1995-11-11,116.0,,,
1995-11-12,115.0,,,
1995-11-13,116.0,,,
1995-11-14,118.0,,,
1995-11-15,116.0,,,
1995-11-16,105.0,,,
1995-11-17,93.3,,,
1995-11-18,85.9,,,
1995-11-19,81.0,,,
1995-11-20,77.4,,,
1995-11-21,73.0,,,
1995-11-22,67.5,,,
1995-11-23,63.4,,,
1995-11-24,59.5,,,
1995-11-25,56.2,,,
1995-11-26,53.6,,,
1995-11-27,50.8,,,
1995-11-28,48.5,,,
1995-11-29,46.3,,,
1995-11-30,44.9,,,
1995-12-01,43.6,,,
1995-12-02,42.3,,,
1995-12-03,40.8,,,
1995-12-04,39.7,,,
1995-12-05,37.8,,,
1995-12-06,36.2,,,
1995-12-07,35.1,,,
1995-12-08,34.0,,,
1995-12-09,32.8,,,
1995-12-10,32.1,,,
1995-12-11,30.7,,,
1995-12-12,29.7,,,
1995-12-13,29.0,,,
1995-12-14,28.0,,,
1995-12-15,26.9,,,
1995-12-16,25.8,,,
1995-12-17,24.8,,,
1995-12-18,24.3,,,
1995-12-19,23.7,,,
1995-12-20,23.1,,,
1995-12-21,21.9,,,
1995-12-22,21.2,,,
1995-12-23,20.4,,,
1995-12-24,19.4,,,
1995-12-25,18.7,,,
1995-12-26,17.7,,,
1995-12-27,17.3,,,
1995-12-28,16.8,,,
1995-12-29,15.9,,,
1995-12-30,15.2,,,
1995-12-31,15.0,,,
1996-01-01,14.3,,,
1996-01-02,13.9,,,
1996-01-03,13.6,,,
1996-01-04,13.2,,,
1996-01-05,12.7,,,
1996-01-06,12.5,,,
1996-01-07,12.3,,,
1996-01-08,12.1,,,
1996-01-09,11.6,,,
1996-01-10,11.3,,,
1996-01-11,11.0,,,
1996-01-12,10.5,,,
1996-01-13,10.0,,,
1996-01-14,9.7,,,
1996-01-15,9.2,,,
1996-01-16,9.1,,,
1996-01-17,10.4,,,
1996-01-18,12.5,,,
1996-01-19,12.9,,,
1996-01-20,13.2,,,
1996-01-21,13.6,,,
1996-01-22,13.5,,,
1996-01-23,13.2,,,
1996-01-24,12.9,,,
1996-01-25,12.6,,,
1996-01-26,12.3,,,
1996-01-27,11.6333333333333,,,
1996-01-28,10.9666666666667,,,
1996-01-29,10.3,,,
1996-01-30,9.8,,,
1996-01-31,9.1,,,
1996-02-01,10.2,,,
1996-02-02,10.5,,,
1996-02-03,9.6,,,
1996-02-04,8.5,,,
1996-02-05,7.7,,,
1996-02-06,7.2,,,
1996-02-07,6.8,,,
1996-02-08,6.5,,,
1996-02-09,6.3,,,
1996-02-10,6.5,,,
1996-02-11,6.4,,,
1996-02-12,6.2,,,
1996-02-13,6.1,,,
1996-02-14,6.329906542056071,,,
1996-02-15,6.55981308411215,,,
1996-02-16,6.78971962616822,,,
1996-02-17,7.0196261682243,,,
1996-02-18,7.249532710280371,,,
1996-02-19,7.47943925233645,,,
1996-02-20,7.709345794392519,,,
1996-02-21,7.939252336448599,,,
1996-02-22,8.16915887850467,,,
1996-02-23,8.39906542056075,,,
1996-02-24,8.62897196261682,,,
1996-02-25,8.8588785046729,,,
1996-02-26,9.08878504672897,,,
1996-02-27,9.31869158878505,,,
1996-02-28,9.54859813084112,,,
1996-02-29,9.7785046728972,,,
1996-03-01,10.0084112149533,,,
1996-03-02,10.238317757009302,,,
1996-03-03,10.4682242990654,,,
1996-03-04,10.6981308411215,,,
1996-03-05,10.9280373831776,,,
1996-03-06,11.1579439252336,,,
1996-03-07,11.3878504672897,,,
1996-03-08,11.617757009345802,,,
1996-03-09,11.8476635514019,,,
1996-03-10,12.0775700934579,,,
1996-03-11,12.307476635514,,,
1996-03-12,12.5373831775701,,,
1996-03-13,12.7672897196262,,,
1996-03-14,12.997196261682198,,,
1996-03-15,13.2271028037383,,,
1996-03-16,13.4570093457944,,,
1996-03-17,13.6869158878505,,,
1996-03-18,13.9168224299065,,,
1996-03-19,14.1467289719626,,,
1996-03-20,14.3766355140187,,,
1996-03-21,14.6065420560748,,,
1996-03-22,14.8364485981308,,,
1996-03-23,15.066355140186902,,,
1996-03-24,15.296261682243,,,
1996-03-25,15.5261682242991,,,
1996-03-26,15.7560747663551,,,
1996-03-27,15.9859813084112,,,
1996-03-28,16.2158878504673,,,
1996-03-29,16.4457943925234,,,
1996-03-30,16.6757009345794,,,
1996-03-31,16.9056074766355,,,
1996-04-01,17.135514018691598,,,
1996-04-02,17.3654205607477,,,
1996-04-03,17.5953271028037,,,
1996-04-04,17.8252336448598,,,
1996-04-05,18.0551401869159,,,
1996-04-06,18.285046728972,,,
1996-04-07,18.514953271028,,,
1996-04-08,18.7448598130841,,,
1996-04-09,18.9747663551402,,,
1996-04-10,19.2046728971963,,,
1996-04-11,19.4345794392523,,,
1996-04-12,19.6644859813084,,,
1996-04-13,19.894392523364505,,,
1996-04-14,20.1242990654206,,,
1996-04-15,20.3542056074766,,,
1996-04-16,20.5841121495327,,,
1996-04-17,20.8140186915888,,,
1996-04-18,21.0439252336449,,,
1996-04-19,21.2738317757009,,,
1996-04-20,21.503738317757,,,
1996-04-21,21.733644859813104,,,
1996-04-22,21.9635514018692,,,
1996-04-23,22.1934579439252,,,
1996-04-24,22.423364485981303,,,
1996-04-25,22.6532710280374,,,
1996-04-26,22.883177570093498,,,
1996-04-27,23.1130841121495,,,
1996-04-28,23.342990654205604,,,
1996-04-29,23.572897196261703,,,
1996-04-30,23.8028037383178,,,
1996-05-01,24.0327102803738,,,
1996-05-02,24.2626168224299,,,
1996-05-03,24.492523364486,,,
1996-05-04,24.7224299065421,,,
1996-05-05,24.952336448598103,,,
1996-05-06,25.182242990654203,,,
1996-05-07,25.4121495327103,,,
1996-05-08,25.6420560747664,,,
1996-05-09,25.8719626168224,,,
1996-05-10,26.101869158878497,,,
1996-05-11,26.3317757009346,,,
1996-05-12,26.5616822429907,,,
1996-05-13,26.791588785046702,,,
1996-05-14,27.0214953271028,,,
1996-05-15,27.251401869158897,,,
1996-05-16,27.481308411215,,,
1996-05-17,27.711214953271,,,
1996-05-18,27.9411214953271,,,
1996-05-19,28.1710280373832,,,
1996-05-20,28.4009345794393,,,
1996-05-21,28.630841121495298,,,
1996-05-22,28.8607476635514,,,
1996-05-23,29.0906542056075,,,
1996-05-24,29.3205607476635,,,
1996-05-25,29.5504672897196,,,
1996-05-26,29.780373831775695,,,
1996-05-27,30.0102803738318,,,
1996-05-28,30.2401869158879,,,
1996-05-29,30.470093457943896,,,
1996-05-30,30.7,,,
1996-05-31,39.7,,,
1996-06-01,40.1,,,
1996-06-02,40.5,,,
1996-06-03,40.9,,,
1996-06-04,41.3,,,
1996-06-05,41.7,,,
1996-06-06,42.1,,,
1996-06-07,42.5,,,
1996-06-08,41.6,,,
1996-06-09,36.4,,,
1996-06-10,32.1,,,
1996-06-11,31.7,,,
1996-06-12,33.0,,,
1996-06-13,34.8,,,
1996-06-14,34.6,,,
1996-06-15,33.8,,,
1996-06-16,33.0,,,
1996-06-17,32.1,,,
1996-06-18,31.0,,,
1996-06-19,29.7,,,
1996-06-20,28.4,,,
1996-06-21,26.6,,,
1996-06-22,24.3,,,
1996-06-23,21.4,,,
1996-06-24,20.5,,,
1996-06-25,20.4,,,
1996-06-26,21.3,,,
1996-06-27,20.4,,,
1996-06-28,23.225,,,
1996-06-29,26.05,,,
1996-06-30,28.875,,,
1996-07-01,31.7,,,
1996-07-02,33.5,,,
1996-07-03,38.2,,,
1996-07-04,60.8,,,
1996-07-05,85.5,,,
1996-07-06,96.0,,,
1996-07-07,91.5,,,
1996-07-08,83.3,,,
1996-07-09,81.7,,,
1996-07-10,81.7,,,
1996-07-11,88.5,,,
1996-07-12,95.7,,,
1996-07-13,94.3,,,
1996-07-14,90.1,,,
1996-07-15,86.2,,,
1996-07-16,87.5,,,
1996-07-17,114.0,,,
1996-07-18,147.0,,,
1996-07-19,160.0,,,
1996-07-20,167.0,,,
1996-07-21,161.0,,,
1996-07-22,151.0,,,
1996-07-23,141.0,,,
1996-07-24,137.0,,,
1996-07-25,145.0,,,
1996-07-26,156.0,,,
1996-07-27,159.0,,,
1996-07-28,166.0,,,
1996-07-29,167.0,,,
1996-07-30,166.0,,,
1996-07-31,164.0,,,
1996-08-01,180.0,,,
1996-08-02,187.0,,,
1996-08-03,201.0,,,
1996-08-04,238.0,,,
1996-08-05,249.0,,,
1996-08-06,268.0,,,
1996-08-07,286.0,,,
1996-08-08,319.0,,,
1996-08-09,356.0,,,
1996-08-10,367.0,,,
1996-08-11,361.0,,,
1996-08-12,337.0,,,
1996-08-13,303.0,,,
1996-08-14,263.0,,,
1996-08-15,234.0,,,
1996-08-16,221.0,,,
1996-08-17,215.0,,,
1996-08-18,217.0,,,
1996-08-19,224.0,,,
1996-08-20,224.0,,,
1996-08-21,225.0,,,
1996-08-22,238.0,,,
1996-08-23,279.0,,,
1996-08-24,328.0,,,
1996-08-25,359.0,,,
1996-08-26,388.0,,,
1996-08-27,411.0,,,
1996-08-28,421.0,,,
1996-08-29,426.0,,,
1996-08-30,421.0,,,
1996-08-31,410.0,,,
1996-09-01,415.0,,,
1996-09-02,452.0,,,
1996-09-03,489.0,,,
1996-09-04,530.0,,,
1996-09-05,565.0,,,
1996-09-06,582.0,,,
1996-09-07,603.0,,,
1996-09-08,619.0,,,
1996-09-09,629.0,,,
1996-09-10,631.0,,,
1996-09-11,608.0,,,
1996-09-12,558.0,,,
1996-09-13,609.0,,,
1996-09-14,645.0,,,
1996-09-15,662.0,,,
1996-09-16,669.0,,,
1996-09-17,677.0,,,
1996-09-18,683.0,,,
1996-09-19,695.0,,,
1996-09-20,705.0,,,
1996-09-21,693.0,,,
1996-09-22,704.0,,,
1996-09-23,744.0,,,
1996-09-24,750.0,,,
1996-09-25,731.0,,,
1996-09-26,704.0,,,
1996-09-27,703.0,,,
1996-09-28,703.0,,,
1996-09-29,702.0,,,
1996-09-30,705.0,,,
1996-10-01,709.0,,,
1996-10-02,709.0,,,
1996-10-03,699.0,,,
1996-10-04,682.0,,,
1996-10-05,645.0,,,
1996-10-06,607.0,,,
1996-10-07,573.0,,,
1996-10-08,551.0,,,
1996-10-09,531.0,,,
1996-10-10,511.0,,,
1996-10-11,490.0,,,
1996-10-12,470.0,,,
1996-10-13,449.0,,,
1996-10-14,429.0,,,
1996-10-15,408.0,,,
1996-10-16,388.0,,,
1996-10-17,369.0,,,
1996-10-18,370.0,,,
1996-10-19,379.0,,,
1996-10-20,388.0,,,
1996-10-21,397.0,,,
1996-10-22,398.0,,,
1996-10-23,370.0,,,
1996-10-24,346.0,,,
1996-10-25,322.0,,,
1996-10-26,298.0,,,
1996-10-27,273.0,,,
1996-10-28,249.0,,,
1996-10-29,225.0,,,
1996-10-30,206.0,,,
1996-10-31,200.0,,,
1996-11-01,190.0,,,
1996-11-02,180.0,,,
1996-11-03,170.0,,,
1996-11-04,160.0,,,
1996-11-05,150.0,,,
1996-11-06,140.0,,,
1996-11-07,130.0,,,
1996-11-08,121.0,,,
1996-11-09,115.0,,,
1996-11-10,108.0,,,
1996-11-11,102.0,,,
1996-11-12,96.8,,,
1996-11-13,92.0,,,
1996-11-14,88.5,,,
1996-11-15,84.4,,,
1996-11-16,80.5,,,
1996-11-17,76.6,,,
1996-11-18,72.5,,,
1996-11-19,70.21875,,,
1996-11-20,67.9375,,,
1996-11-21,65.65625,,,
1996-11-22,63.375,,,
1996-11-23,61.09375,,,
1996-11-24,58.8125,,,
1996-11-25,56.53125,,,
1996-11-26,54.25,,,
1996-11-27,51.96875,,,
1996-11-28,49.6875,,,
1996-11-29,47.40625,,,
1996-11-30,45.125,,,
1996-12-01,42.84375,,,
1996-12-02,40.5625,,,
1996-12-03,38.28125,,,
1996-12-04,36.0,,,
1996-12-05,35.7,,,
1996-12-06,35.4,,,
1996-12-07,36.6,,,
1996-12-08,35.6,,,
1996-12-09,34.2,,,
1996-12-10,32.8,,,
1996-12-11,31.4,,,
1996-12-12,30.0,,,
1996-12-13,28.6,,,
1996-12-14,27.3,,,
1996-12-15,26.2,,,
1996-12-16,25.0,,,
1996-12-17,23.7,,,
1996-12-18,22.6,,,
1996-12-19,21.7,,,
1996-12-20,20.8,,,
1996-12-21,19.9,,,
1996-12-22,19.0,,,
1996-12-23,18.1,,,
1996-12-24,17.2,,,
1996-12-25,16.5,,,
1996-12-26,16.0,,,
1996-12-27,15.6,,,
1996-12-28,15.3,,,
1996-12-29,15.0,,,
1996-12-30,14.7,,,
1996-12-31,14.4,,,
1997-01-01,41.6,,,
1997-01-02,41.0,,,
1997-01-03,40.2,,,
1997-01-04,39.4,,,
1997-01-05,38.6,,,
1997-01-06,37.7,,,
1997-01-07,36.4,,,
1997-01-08,35.8,,,
1997-01-09,35.1,,,
1997-01-10,33.9,,,
1997-01-11,32.1,,,
1997-01-12,29.7,,,
1997-01-13,28.7,,,
1997-01-14,28.1,,,
1997-01-15,27.2,,,
1997-01-16,25.2,,,
1997-01-17,23.7,,,
1997-01-18,22.7,,,
1997-01-19,22.0,,,
1997-01-20,20.9,,,
1997-01-21,20.0,,,
1997-01-22,19.4,,,
1997-01-23,18.9,,,
1997-01-24,18.4,,,
1997-01-25,17.8,,,
1997-01-26,16.9,,,
1997-01-27,16.4,,,
1997-01-28,15.7,,,
1997-01-29,14.7,,,
1997-01-30,14.2,,,
1997-01-31,13.6,,,
1997-02-01,12.8,,,
1997-02-02,12.5,,,
1997-02-03,12.2,,,
1997-02-04,11.8,,,
1997-02-05,11.5,,,
1997-02-06,11.1,,,
1997-02-07,10.8,,,
1997-02-08,10.3,,,
1997-02-09,9.4,,,
1997-02-10,9.0,,,
1997-02-11,8.6,,,
1997-02-12,8.0,,,
1997-02-13,7.7,,,
1997-02-14,7.6,,,
1997-02-15,8.1,,,
1997-02-16,8.8,,,
1997-02-17,9.4,,,
1997-02-18,9.8,,,
1997-02-19,10.0,,,
1997-02-20,9.9,,,
1997-02-21,9.9,,,
1997-02-22,8.9,,,
1997-02-23,8.7,,,
1997-02-24,9.6,,,
1997-02-25,9.7,,,
1997-02-26,10.7,,,
1997-02-27,10.4,,,
1997-02-28,10.0,,,
1997-03-01,8.7,,,
1997-03-02,8.0,,,
1997-03-03,7.7,,,
1997-03-04,7.3,,,
1997-03-05,6.7,,,
1997-03-06,6.0,,,
1997-03-07,4.9,,,
1997-03-08,4.2,,,
1997-03-09,3.3,,,
1997-03-10,2.5,,,
1997-03-11,1.9,,,
1997-03-12,1.5,,,
1997-03-13,1.7,,,
1997-03-14,3.0,,,
1997-03-15,2.6,,,
1997-03-16,2.6,,,
1997-03-17,3.3,,,
1997-03-18,2.7,,,
1997-03-19,1.9,,,
1997-03-20,1.2,,,
1997-03-21,0.7,,,
1997-03-22,0.3,,,
1997-03-23,0.0,,,
1997-03-24,0.0,,,
1997-03-25,0.0,,,
1997-03-26,0.0,,,
1997-03-27,0.0,,,
1997-03-28,0.0,,,
1997-03-29,0.0,,,
1997-03-30,0.0,,,
1997-03-31,0.0,,,
1997-04-01,0.0,,,
1997-04-02,0.0,,,
1997-04-03,0.0,,,
1997-04-04,0.0,,,
1997-04-05,0.0,,,
1997-04-06,0.0,,,
1997-04-07,0.0,,,
1997-04-08,0.0,,,
1997-04-09,0.0,,,
1997-04-10,0.0,,,
1997-04-11,0.0,,,
1997-04-12,0.0,,,
1997-04-13,0.0,,,
1997-04-14,0.0,,,
1997-04-15,0.0,,,
1997-04-16,0.0,,,
1997-04-17,0.0,,,
1997-04-18,0.0,,,
1997-04-19,0.0,,,
1997-04-20,0.0,,,
1997-04-21,0.0,,,
1997-04-22,0.0,,,
1997-04-23,0.0,,,
1997-04-24,0.0,,,
1997-04-25,0.0,,,
1997-04-26,0.0,,,
1997-04-27,0.0,,,
1997-04-28,0.0,,,
1997-04-29,0.0,,,
1997-04-30,0.0,,,
1997-05-01,8.0,,,
1997-05-02,8.7,,,
1997-05-03,7.7,,,
1997-05-04,8.2,,,
1997-05-05,9.8,,,
1997-05-06,9.9,,,
1997-05-07,9.3,,,
1997-05-08,9.2,,,
1997-05-09,9.5,,,
1997-05-10,10.0,,,
1997-05-11,11.0,,,
1997-05-12,11.7,,,
1997-05-13,12.6,,,
1997-05-14,14.0,,,
1997-05-15,15.2,,,
1997-05-16,14.1,,,
1997-05-17,11.7,,,
1997-05-18,9.8,,,
1997-05-19,8.5,,,
1997-05-20,7.5,,,
1997-05-21,6.8,,,
1997-05-22,6.8,,,
1997-05-23,6.8,,,
1997-05-24,6.8,,,
1997-05-25,6.8,,,
1997-05-26,6.8,,,
1997-05-27,6.8,,,
1997-05-28,6.7,,,
1997-05-29,6.5,,,
1997-05-30,6.5,,,
1997-05-31,6.7,,,
1997-06-01,6.6,,,
1997-06-02,6.6,,,
1997-06-03,6.4,,,
1997-06-04,6.8,,,
1997-06-05,7.2,,,
1997-06-06,7.4,,,
1997-06-07,7.9,,,
1997-06-08,8.5,,,
1997-06-09,9.1,,,
1997-06-10,9.4,,,
1997-06-11,9.6,,,
1997-06-12,10.2,,,
1997-06-13,11.0,,,
1997-06-14,12.1,,,
1997-06-15,13.6,,,
1997-06-16,18.8,,,
1997-06-17,30.2,,,
1997-06-18,43.4,,,
1997-06-19,54.1,,,
1997-06-20,65.8,,,
1997-06-21,75.0,,,
1997-06-22,73.6,,,
1997-06-23,71.8,,,
1997-06-24,84.2,,,
1997-06-25,101.0,,,
1997-06-26,124.0,,,
1997-06-27,143.0,,,
1997-06-28,171.0,,,
1997-06-29,182.0,,,
1997-06-30,189.0,,,
1997-07-01,178.0,,,
1997-07-02,183.0,,,
1997-07-03,190.0,,,
1997-07-04,198.0,,,
1997-07-05,205.0,,,
1997-07-06,210.0,,,
1997-07-07,215.0,,,
1997-07-08,220.0,,,
1997-07-09,223.0,,,
1997-07-10,226.0,,,
1997-07-11,230.0,,,
1997-07-12,233.0,,,
1997-07-13,236.0,,,
1997-07-14,240.0,,,
1997-07-15,247.0,,,
1997-07-16,265.0,,,
1997-07-17,309.0,,,
1997-07-18,349.0,,,
1997-07-19,335.0,,,
1997-07-20,323.0,,,
1997-07-21,315.0,,,
1997-07-22,312.0,,,
1997-07-23,308.0,,,
1997-07-24,309.0,,,
1997-07-25,317.0,,,
1997-07-26,324.0,,,
1997-07-27,329.0,,,
1997-07-28,326.0,,,
1997-07-29,338.0,,,
1997-07-30,352.0,,,
1997-07-31,359.0,,,
1997-08-01,297.0,,,
1997-08-02,286.0,,,
1997-08-03,273.0,,,
1997-08-04,260.0,,,
1997-08-05,249.0,,,
1997-08-06,242.0,,,
1997-08-07,238.0,,,
1997-08-08,237.0,,,
1997-08-09,231.0,,,
1997-08-10,254.0,,,
1997-08-11,274.0,,,
1997-08-12,305.0,,,
1997-08-13,392.0,,,
1997-08-14,435.0,,,
1997-08-15,490.0,,,
1997-08-16,535.0,,,
1997-08-17,552.0,,,
1997-08-18,552.0,,,
1997-08-19,555.0,,,
1997-08-20,563.0,,,
1997-08-21,571.0,,,
1997-08-22,585.0,,,
1997-08-23,608.0,,,
1997-08-24,616.0,,,
1997-08-25,604.0,,,
1997-08-26,602.0,,,
1997-08-27,600.0,,,
1997-08-28,592.0,,,
1997-08-29,584.0,,,
1997-08-30,577.0,,,
1997-08-31,570.0,,,
1997-09-01,609.0,,,
1997-09-02,641.0,,,
1997-09-03,678.0,,,
1997-09-04,703.0,,,
1997-09-05,721.0,,,
1997-09-06,761.0,,,
1997-09-07,815.0,,,
1997-09-08,807.0,,,
1997-09-09,783.0,,,
1997-09-10,774.0,,,
1997-09-11,768.0,,,
1997-09-12,778.0,,,
1997-09-13,781.0,,,
1997-09-14,778.0,,,
1997-09-15,773.0,,,
1997-09-16,758.0,,,
1997-09-17,745.0,,,
1997-09-18,737.0,,,
1997-09-19,725.0,,,
1997-09-20,702.0,,,
1997-09-21,661.0,,,
1997-09-22,616.0,,,
1997-09-23,586.0,,,
1997-09-24,572.0,,,
1997-09-25,568.0,,,
1997-09-26,570.0,,,
1997-09-27,571.0,,,
1997-09-28,564.0,,,
1997-09-29,543.0,,,
1997-09-30,522.0,,,
1997-10-01,453.0,,,
1997-10-02,452.0,,,
1997-10-03,450.0,,,
1997-10-04,444.0,,,
1997-10-05,427.0,,,
1997-10-06,438.0,,,
1997-10-07,460.0,,,
1997-10-08,445.0,,,
1997-10-09,419.0,,,
1997-10-10,390.0,,,
1997-10-11,362.0,,,
1997-10-12,335.0,,,
1997-10-13,311.0,,,
1997-10-14,282.0,,,
1997-10-15,252.0,,,
1997-10-16,252.0,,,
1997-10-17,258.0,,,
1997-10-18,256.0,,,
1997-10-19,255.0,,,
1997-10-20,253.0,,,
1997-10-21,259.0,,,
1997-10-22,253.0,,,
1997-10-23,233.0,,,
1997-10-24,208.0,,,
1997-10-25,186.0,,,
1997-10-26,172.0,,,
1997-10-27,160.0,,,
1997-10-28,150.0,,,
1997-10-29,148.0,,,
1997-10-30,145.0,,,
1997-10-31,143.0,,,
1997-11-01,147.0,,,
1997-11-02,143.0,,,
1997-11-03,148.0,,,
1997-11-04,146.0,,,
1997-11-05,138.0,,,
1997-11-06,126.0,,,
1997-11-07,117.0,,,
1997-11-08,113.0,,,
1997-11-09,105.0,,,
1997-11-10,104.0,,,
1997-11-11,101.0,,,
1997-11-12,95.5,,,
1997-11-13,98.0,,,
1997-11-14,102.0,,,
1997-11-15,97.1,,,
1997-11-16,89.4,,,
1997-11-17,83.9,,,
1997-11-18,81.6,,,
1997-11-19,78.5,,,
1997-11-20,72.8,,,
1997-11-21,67.3,,,
1997-11-22,59.6,,,
1997-11-23,57.1,,,
1997-11-24,54.7,,,
1997-11-25,51.3,,,
1997-11-26,47.6,,,
1997-11-27,44.6,,,
1997-11-28,42.2,,,
1997-11-29,39.9,,,
1997-11-30,37.6,,,
1997-12-01,35.7,,,
1997-12-02,35.1,,,
1997-12-03,34.0,,,
1997-12-04,32.9,,,
1997-12-05,32.7,,,
1997-12-06,36.4,,,
1997-12-07,41.8,,,
1997-12-08,42.2,,,
1997-12-09,44.7,,,
1997-12-10,41.3,,,
1997-12-11,37.8,,,
1997-12-12,35.9,,,
1997-12-13,34.1,,,
1997-12-14,30.0,,,
1997-12-15,28.7,,,
1997-12-16,26.4,,,
1997-12-17,24.9,,,
1997-12-18,24.2,,,
1997-12-19,23.2,,,
1997-12-20,22.5,,,
1997-12-21,21.4,,,
1997-12-22,20.5,,,
1997-12-23,19.9,,,
1997-12-24,19.3,,,
1997-12-25,18.3,,,
1997-12-26,17.4,,,
1997-12-27,16.9,,,
1997-12-28,16.3,,,
1997-12-29,15.4,,,
1997-12-30,14.7,,,
1997-12-31,14.2,,,
1998-01-01,13.9,,,
1998-01-02,13.6,,,
1998-01-03,13.2,,,
1998-01-04,12.9,,,
1998-01-05,12.5,,,
1998-01-06,12.2,,,
1998-01-07,11.8,,,
1998-01-08,11.4,,,
1998-01-09,10.7,,,
1998-01-10,10.0,,,
1998-01-11,9.4,,,
1998-01-12,9.0,,,
1998-01-13,8.6,,,
1998-01-14,8.2,,,
1998-01-15,7.7,,,
1998-01-16,7.3,,,
1998-01-17,7.1,,,
1998-01-18,6.8,,,
1998-01-19,6.4,,,
1998-01-20,6.1,,,
1998-01-21,5.6,,,
1998-01-22,5.3,,,
1998-01-23,4.9,,,
1998-01-24,4.7,,,
1998-01-25,4.3,,,
1998-01-26,4.1,,,
1998-01-27,3.8,,,
1998-01-28,3.5,,,
1998-01-29,3.2,,,
1998-01-30,2.9,,,
1998-01-31,2.7,,,
1998-02-01,3.4,,,
1998-02-02,3.2,,,
1998-02-03,2.8,,,
1998-02-04,2.5,,,
1998-02-05,2.3,,,
1998-02-06,1.9,,,
1998-02-07,1.8,,,
1998-02-08,2.2,,,
1998-02-09,2.1,,,
1998-02-10,2.2,,,
1998-02-11,1.9,,,
1998-02-12,1.7,,,
1998-02-13,2.4,,,
1998-02-14,3.8,,,
1998-02-15,4.2,,,
1998-02-16,4.4,,,
1998-02-17,4.8,,,
1998-02-18,4.9,,,
1998-02-19,4.7,,,
1998-02-20,4.3,,,
1998-02-21,3.6,,,
1998-02-22,2.8,,,
1998-02-23,2.3,,,
1998-02-24,1.8,,,
1998-02-25,1.1,,,
1998-02-26,0.4,,,
1998-02-27,0.0,,,
1998-02-28,0.0,,,
1998-03-01,0.0,,,
1998-03-02,0.0,,,
1998-03-03,0.0,,,
1998-03-04,0.0,,,
1998-03-05,0.0,,,
1998-03-06,0.0,,,
1998-03-07,0.0,,,
1998-03-08,0.0,,,
1998-03-09,0.0,,,
1998-03-10,0.0,,,
1998-03-11,0.0,,,
1998-03-12,0.0,,,
1998-03-13,0.0,,,
1998-03-14,0.0,,,
1998-03-15,0.0,,,
1998-03-16,0.0,,,
1998-03-17,0.0,,,
1998-03-18,0.0,,,
1998-03-19,0.0,,,
1998-03-20,0.0,,,
1998-03-21,0.0,,,
1998-03-22,0.0,,,
1998-03-23,0.0,,,
1998-03-24,0.0,,,
1998-03-25,0.0,,,
1998-03-26,0.0,,,
1998-03-27,0.0,,,
1998-03-28,0.0,,,
1998-03-29,0.0,,,
1998-03-30,0.0,,,
1998-03-31,0.0,,,
1998-04-01,0.0,,,
1998-04-02,0.0,,,
1998-04-03,0.0,,,
1998-04-04,0.0,,,
1998-04-05,0.0,,,
1998-04-06,0.0,,,
1998-04-07,0.0,,,
1998-04-08,0.0,,,
1998-04-09,0.0,,,
1998-04-10,0.0,,,
1998-04-11,0.0,,,
1998-04-12,0.0,,,
1998-04-13,0.0,,,
1998-04-14,0.0,,,
1998-04-15,0.0,,,
1998-04-16,0.0,,,
1998-04-17,0.0,,,
1998-04-18,0.0,,,
1998-04-19,0.0,,,
1998-04-20,0.0,,,
1998-04-21,0.0,,,
1998-04-22,0.0,,,
1998-04-23,0.0,,,
1998-04-24,0.0,,,
1998-04-25,0.0,,,
1998-04-26,0.0,,,
1998-04-27,0.0,,,
1998-04-28,0.0,,,
1998-04-29,0.0,,,
1998-04-30,0.0,,,
1998-05-01,0.0,,,
1998-05-02,0.1,,,
1998-05-03,0.3,,,
1998-05-04,0.0,,,
1998-05-05,0.0,,,
1998-05-06,0.0,,,
1998-05-07,0.0,,,
1998-05-08,0.0,,,
1998-05-09,0.0,,,
1998-05-10,0.0,,,
1998-05-11,0.0,,,
1998-05-12,0.1,,,
1998-05-13,0.9,,,
1998-05-14,3.3,,,
1998-05-15,6.4,,,
1998-05-16,11.0,,,
1998-05-17,11.9,,,
1998-05-18,9.6,,,
1998-05-19,9.3,,,
1998-05-20,5.9,,,
1998-05-21,7.0,,,
1998-05-22,12.2,,,
1998-05-23,19.4,,,
1998-05-24,24.9,,,
1998-05-25,28.5,,,
1998-05-26,32.3,,,
1998-05-27,40.6,,,
1998-05-28,46.0,,,
1998-05-29,44.6,,,
1998-05-30,39.7,,,
1998-05-31,35.7,,,
1998-06-01,30.2,,,
1998-06-02,32.3,,,
1998-06-03,31.1,,,
1998-06-04,26.1,,,
1998-06-05,22.1,,,
1998-06-06,29.5,,,
1998-06-07,35.0,,,
1998-06-08,44.1,,,
1998-06-09,47.8,,,
1998-06-10,63.1,,,
1998-06-11,105.0,,,
1998-06-12,131.0,,,
1998-06-13,121.0,,,
1998-06-14,95.6,,,
1998-06-15,84.0,,,
1998-06-16,80.0,,,
1998-06-17,75.2,,,
1998-06-18,68.9,,,
1998-06-19,64.8,,,
1998-06-20,58.3,,,
1998-06-21,51.9,,,
1998-06-22,51.3,,,
1998-06-23,56.2,,,
1998-06-24,58.1,,,
1998-06-25,61.9,,,
1998-06-26,66.0,,,
1998-06-27,64.6,,,
1998-06-28,66.4,,,
1998-06-29,69.1,,,
1998-06-30,73.4,,,
1998-07-01,94.4,,,
1998-07-02,106.0,,,
1998-07-03,124.0,,,
1998-07-04,147.0,,,
1998-07-05,151.0,,,
1998-07-06,141.0,,,
1998-07-07,120.0,,,
1998-07-08,99.2,,,
1998-07-09,82.4,,,
1998-07-10,73.8,,,
1998-07-11,80.1,,,
1998-07-12,107.0,,,
1998-07-13,151.0,,,
1998-07-14,166.0,,,
1998-07-15,162.0,,,
1998-07-16,162.0,,,
1998-07-17,174.0,,,
1998-07-18,188.0,,,
1998-07-19,203.0,,,
1998-07-20,220.0,,,
1998-07-21,221.0,,,
1998-07-22,207.0,,,
1998-07-23,195.0,,,
1998-07-24,201.0,,,
1998-07-25,229.0,,,
1998-07-26,265.0,,,
1998-07-27,316.0,,,
1998-07-28,360.0,,,
1998-07-29,386.0,,,
1998-07-30,392.0,,,
1998-07-31,396.0,,,
1998-08-01,402.0,,,
1998-08-02,392.0,,,
1998-08-03,364.0,,,
1998-08-04,351.0,,,
1998-08-05,353.0,,,
1998-08-06,355.0,,,
1998-08-07,361.0,,,
1998-08-08,383.0,,,
1998-08-09,428.0,,,
1998-08-10,507.0,,,
1998-08-11,525.0,,,
1998-08-12,539.0,,,
1998-08-13,554.0,,,
1998-08-14,569.0,,,
1998-08-15,592.0,,,
1998-08-16,639.0,,,
1998-08-17,675.0,,,
1998-08-18,699.0,,,
1998-08-19,720.0,,,
1998-08-20,740.0,,,
1998-08-21,738.0,,,
1998-08-22,725.0,,,
1998-08-23,701.0,,,
1998-08-24,653.0,,,
1998-08-25,585.0,,,
1998-08-26,509.0,,,
1998-08-27,474.0,,,
1998-08-28,451.0,,,
1998-08-29,446.0,,,
1998-08-30,446.0,,,
1998-08-31,457.0,,,
1998-09-01,513.0,,,
1998-09-02,519.0,,,
1998-09-03,515.0,,,
1998-09-04,506.0,,,
1998-09-05,498.0,,,
1998-09-06,493.0,,,
1998-09-07,494.0,,,
1998-09-08,512.0,,,
1998-09-09,525.0,,,
1998-09-10,545.0,,,
1998-09-11,586.0,,,
1998-09-12,590.0,,,
1998-09-13,581.0,,,
1998-09-14,561.0,,,
1998-09-15,545.0,,,
1998-09-16,540.0,,,
1998-09-17,543.0,,,
1998-09-18,545.0,,,
1998-09-19,547.0,,,
1998-09-20,551.0,,,
1998-09-21,561.0,,,
1998-09-22,590.0,,,
1998-09-23,637.0,,,
1998-09-24,674.0,,,
1998-09-25,690.0,,,
1998-09-26,693.0,,,
1998-09-27,681.0,,,
1998-09-28,662.0,,,
1998-09-29,644.0,,,
1998-09-30,632.0,,,
